<?xml version="1.0" encoding="UTF-8"?>

<mule xmlns:tracking="http://www.mulesoft.org/schema/mule/ee/tracking" xmlns:db="http://www.mulesoft.org/schema/mule/db"
	xmlns:json="http://www.mulesoft.org/schema/mule/json"
	xmlns:http="http://www.mulesoft.org/schema/mule/http"
	xmlns:ecle="http://www.mulesoft.org/schema/mule/ecle"
	xmlns="http://www.mulesoft.org/schema/mule/core" xmlns:doc="http://www.mulesoft.org/schema/mule/documentation"
	xmlns:spring="http://www.springframework.org/schema/beans" 
	xmlns:xsi="http://www.w3.org/2001/XMLSchema-instance"
	xsi:schemaLocation="http://www.mulesoft.org/schema/mule/db http://www.mulesoft.org/schema/mule/db/current/mule-db.xsd
http://www.mulesoft.org/schema/mule/json http://www.mulesoft.org/schema/mule/json/current/mule-json.xsd
http://www.mulesoft.org/schema/mule/http http://www.mulesoft.org/schema/mule/http/current/mule-http.xsd
http://www.mulesoft.org/schema/mule/ecle http://www.mulesoft.org/schema/mule/ecle/current/mule-ecle.xsd
http://www.springframework.org/schema/beans http://www.springframework.org/schema/beans/spring-beans-current.xsd
http://www.mulesoft.org/schema/mule/core http://www.mulesoft.org/schema/mule/core/current/mule.xsd
http://www.mulesoft.org/schema/mule/ee/tracking http://www.mulesoft.org/schema/mule/ee/tracking/current/mule-tracking-ee.xsd">

    <flow name="api_Manager_AuthorizationsFlow">
        <http:listener config-ref="HTTP_Listener_Configuration" path="/validateMDMUser" doc:name="HTTP"/>
        <expression-component doc:name="Expression"><![CDATA[#[flowVars.RootID = server.dateTime.format("yyMMddhhmmssSSSS");
flowVars.Client_ID="Mule";
flowVars.User_ID="MuleDev";
flowVars.FlowName=flow.name;
]]]></expression-component>
        <logger message="calling get_mdm_employee_masterSub_Flow" level="INFO" doc:name="Logger"/>
        <flow-ref name="get_mdm_employee_masterSub_Flow" doc:name="Flow Reference"/>
 <choice-exception-strategy doc:name="Choice Exception Strategy">
            <catch-exception-strategy when="#[exception.causedBy(java.net.ConnectException)]" doc:name="Connect Exception Strategy">
                <logger message="Connect Exception: #[exception.message]." level="ERROR" doc:name="Logger"/>
                <set-variable variableName="ExceptionMessage" value="#[exception.message]" doc:name="ExceptionMessage"/>

                <set-payload value="{
	&quot;httpstatus&quot;:&quot;404&quot;,
	&quot;errorcode&quot;:&quot;ER-101&quot;,
	&quot;errorMessage&quot;:&quot;The requested resource could not be found, please try again&quot;,
	&quot;exceptionMessage&quot;: #[flowVars.ExceptionMessage]
}" doc:name="Set Payload"/>
            </catch-exception-strategy>
            <catch-exception-strategy when="#[exception.causedBy(java.lang.Exception)]" doc:name="IO Exception Strategy">
                <logger message="IO Exception: #[exception.message]." level="ERROR" doc:name="Logger"/>
                <set-variable variableName="ExceptionMessage" value="#[exception.message]" doc:name="ExceptionMessage"/>

                <set-payload value="{
	&quot;httpstatus&quot;:&quot;500&quot;,
	&quot;errorcode&quot;:&quot;ER-101&quot;,
	&quot;errorMessage&quot;:&quot;Internal Error, Service is not available&quot;,
	&quot;exceptionMessage&quot;: #[flowVars.ExceptionMessage]
}" doc:name="Set Payload"/>
            </catch-exception-strategy>
            <catch-exception-strategy doc:name="Catch Exception Strategy">
                <logger message="Connect Exception: #[exception.message]." level="ERROR" doc:name="Logger"/>
                <set-variable variableName="ExceptionMessage" value="#[exception.message]" doc:name="ExceptionMessage"/>

                <set-payload value="{
	&quot;httpstatus&quot;:&quot;400&quot;,
	&quot;errorcode&quot;:&quot;ER-101&quot;,
	&quot;errorMessage&quot;:&quot;The requested resource could not be found, please try again&quot;,
	&quot;exceptionMessage&quot;: #[flowVars.ExceptionMessage]
}" doc:name="Set Payload"/>
            </catch-exception-strategy>
        </choice-exception-strategy>
    </flow>
    <sub-flow name="get_mdm_employee_masterSub_Flow">
     <choice doc:name="Choice">
            <when expression="#[message.inboundProperties.'http.query.params'.simulatorFlag=='true']">
                <logger message="simulator response" level="INFO" doc:name="Logger"/>
                <set-payload value="[     {         &quot;organization_code&quot;: &quot;MAU02&quot;,         &quot;employee_name&quot;: &quot;Shaik Rafi Ahammad&quot;,         &quot;organization_name&quot;: &quot;School Education&quot;,         &quot;person_id&quot;: &quot;PER-25769&quot;,   &quot;isEmployee&quot;: &quot;true&quot;     } ]" mimeType="application/json" doc:name="Set Payload"/>
            </when>
            <otherwise>
                <expression-component doc:name="Expression"><![CDATA[#[flowVars.RootID = server.dateTime.format("yyMMddhhmmssSSSS");
flowVars.Client_ID="Mule";
flowVars.User_ID="MuleDev";
flowVars.FlowName=flow.name;
]]]></expression-component>
                <set-variable variableName="aadhaarNumber" value="#[message.inboundProperties.'http.query.params'.aadhaarNumber]" doc:name="Variable"/>
                <db:select config-ref="MDM_Database_Configuration" doc:name="PostgresSQL_MDM">
                    <db:parameterized-query><![CDATA[SELECT employee_name FROM pegamdm.mdm_employee_master where aadhaar_number = #[flowVars.aadhaarNumber];]]></db:parameterized-query>
                </db:select>
                <choice doc:name="Choice">
                    <when expression="#[payload!=empty]">
                        <logger message="calling get_mdm_employee_master_detailsSub_Flow" level="INFO" doc:name="Logger"/>
                        <flow-ref name="get_mdm_employee_master_detailsSub_Flow" doc:name="Flow Reference"/>
                    </when>
                    <otherwise>
                        <logger message="aadhaar data not found" level="INFO" doc:name="Logger"/>
                        <set-payload value="[
    {
        &quot;organization_code&quot;: null,
        &quot;employee_name&quot;: null,
        &quot;organization_name&quot;: null,
        &quot;person_id&quot;: null,
		&quot;isemployee&quot;: &quot;false&quot;
    }
]" doc:name="Set Payload" mimeType="application/json"/>
                    </otherwise>
                </choice>
            </otherwise>
        </choice>
       
    </sub-flow>
    <sub-flow name="set_mdm_employee_masterSub_Flow">
     <choice doc:name="Choice">
            <when expression="#[message.inboundProperties.'http.query.params'.simulatorFlag=='true']">
                <logger message="simulator response" level="INFO" doc:name="Logger"/>
                <set-payload value="[
    {
        &quot;mandal_code&quot;: &quot;4895&quot;,
        &quot;district_name&quot;: &quot;East Godavari&quot;,
        &quot;district_code&quot;: &quot;505&quot;,
        &quot;village_name&quot;: &quot;Tirugatirallu&quot;,
        &quot;mandal_name&quot;: &quot;Rampachodavaram&quot;,
        &quot;village_code&quot;: &quot;587155&quot;
    }
]" mimeType="application/json" doc:name="Set Payload"/>
            </when>
            <otherwise>
                <expression-component doc:name="Expression"><![CDATA[#[flowVars.RootID = server.dateTime.format("yyMMddhhmmssSSSS");
flowVars.Client_ID="Mule";
flowVars.User_ID="MuleDev";
flowVars.FlowName=flow.name;
]]]></expression-component>
                <set-variable variableName="employeeCode" value="#[json:'employeeCode']" doc:name="Variable"/>
                <set-variable variableName="employeeName" value="#[json:'employeeName']" doc:name="Variable"/>
                <set-variable variableName="personId" value="#[json:'personId']" doc:name="Variable"/>
                <set-variable variableName="organizationCode" value="#[json:'organizationCode']" doc:name="Variable"/>
                <set-variable variableName="oganizationName" value="#[json:'oganizationName']" doc:name="Variable"/>
                <set-variable variableName="requestInfo" value="#[json:'requestInfo']" doc:name="Variable"/>
                <set-variable variableName="approverEmployeeCode" value="#[json:'approverEmployeeCode']" doc:name="Variable"/>
                <set-variable variableName="approverEmployeeName" value="#[json:'approverEmployeeName']" doc:name="Variable"/>
                <set-variable variableName="approverPersonId" value="#[json:'approverPersonId']" doc:name="Variable"/>
                <set-variable variableName="requestStatus" value="#[json:'requestStatus']" doc:name="Variable"/>
                <set-variable variableName="approvedTime" value="#[json:'approvedTime']" doc:name="Variable"/>
                
                <async doc:name="Async">
                    <ecle:logger config-ref="eCLE__Configuration" Key="Village Name" Value="#[flowVars.vlgname]" LogType="Audit" LogMessageType="STARTED" LogMessage="Request Recieved to get Village Details for Village Name : #[flowVars.vlgname]" doc:name="eCLE"/>
                </async>
                <db:insert config-ref="MDM_Database_Configuration" doc:name="PostgresSQL_MDM">
                    <db:parameterized-query><![CDATA[INSERT INTO portal.op_employee_service_request

(employee_code, employee_name, person_id, organization_code, oganization_name, request_info, approver_employee_code, approver_employee_name, approver_person_id, request_status, request_time, approved_time)

VALUES(#[flowVars.employeeCode], #[flowVars.employeeName], #[flowVars.personId], #[flowVars.organizationCode], #[flowVars.oganizationName],  #[flowVars.requestInfo], #[flowVars.approverEmployeeCode], #[flowVars.approverEmployeeName], #[flowVars.approverPersonId],#[flowVars.requestStatus], #[server.dateTime.format('yyyy-MM-dd HH:mm:ss.SSSS')], #[flowVars.approvedTime]);]]></db:parameterized-query>
                </db:insert>
                <async doc:name="Async">
                    <ecle:logger config-ref="eCLE__Configuration" Key="Village Name" Value="#[flowVars.vlgname]" LogType="Audit" LogMessageType="INPROCESS" LogMessage="Invoked database to get Village Details for Village Name : #[flowVars.vlgname]" doc:name="eCLE"/>
                </async>
                <choice doc:name="Choice">
                    <when expression="#[payload!=empty]">
                        <set-payload value="#[payload]" mimeType="application/java" doc:name="Set Payload"/>
                        <json:object-to-json-transformer mimeType="application/json" doc:name="Object to JSON"/>
                    </when>
                    <otherwise>
                        <set-payload value="{&quot;No Data is available for this  Aadhaar Number &quot; : #[flowVars.aadhaarNumber]}" doc:name="Set Payload"/>
                    </otherwise>
                </choice>
                <async doc:name="Async">
                    <ecle:logger config-ref="eCLE__Configuration" Key="Village Name" Value="#[flowVars.vlgname]" LogType="Audit" LogMessageType="COMPLETED" LogMessage="Retrieved Village Details for Village Name : #[flowVars.vlgname]" doc:name="eCLE"/>
                </async>
            </otherwise>
        </choice>
    
    
    </sub-flow>
    <sub-flow name="get_mdm_employee_master_detailsSub_Flow">
       <choice doc:name="Choice">
            <when expression="#[message.inboundProperties.'http.query.params'.simulatorFlag=='true']">
                <logger message="simulator response" level="INFO" doc:name="Logger"/>
                <set-payload value="[     {         &quot;organization_code&quot;: &quot;MAU02&quot;,         &quot;employee_name&quot;: &quot;Shaik Rafi Ahammad&quot;,         &quot;organization_name&quot;: &quot;School Education&quot;,         &quot;person_id&quot;: &quot;PER-25769&quot;,   &quot;isEmployee&quot;: &quot;true&quot;     } ]" mimeType="application/json" doc:name="Set Payload"/>
            </when>
            <otherwise>
                <expression-component doc:name="Expression"><![CDATA[#[flowVars.RootID = server.dateTime.format("yyMMddhhmmssSSSS");
flowVars.Client_ID="Mule";
flowVars.User_ID="MuleDev";
flowVars.FlowName=flow.name;
]]]></expression-component>
                <set-variable variableName="aadhaarNumber" value="#[message.inboundProperties.'http.query.params'.aadhaarNumber]" doc:name="Variable"/>
                <db:select config-ref="MDM_Database_Configuration" doc:name="Database">
                    <db:parameterized-query><![CDATA[select employee_name, person_id, organization_code, organization_name, 'true' isEmployee from pegamdm.mdm_employee_master where aadhaar_number=#[flowVars.aadhaarNumber];]]></db:parameterized-query>
                </db:select>
                <json:object-to-json-transformer doc:name="Object to JSON"/>
                <logger message="operation success" level="INFO" doc:name="Logger"/>
                <set-payload value="#[payload]" mimeType="application/json" doc:name="Set Payload"/>
            </otherwise>
        </choice>
    
    </sub-flow>
    <sub-flow name="get_admin_employee_detailsSub_Flow">
       <choice doc:name="Choice">
            <when expression="#[message.inboundProperties.'http.query.params'.simulatorFlag=='true']">
                <logger message="simulator response" level="INFO" doc:name="Logger"/>
                <set-payload value="[     {         &quot;mandal_code&quot;: &quot;4895&quot;,         &quot;district_name&quot;: &quot;East Godavari&quot;,         &quot;district_code&quot;: &quot;505&quot;,         &quot;village_name&quot;: &quot;Tirugatirallu&quot;,         &quot;mandal_name&quot;: &quot;Rampachodavaram&quot;,         &quot;village_code&quot;: &quot;587155&quot;     } ]" mimeType="application/json" doc:name="Set Payload"/>
            </when>
            <otherwise>
                <expression-component doc:name="Expression"><![CDATA[#[flowVars.RootID = server.dateTime.format("yyMMddhhmmssSSSS");
flowVars.Client_ID="Mule";
flowVars.User_ID="MuleDev";
flowVars.FlowName=flow.name;
]]]></expression-component>
                <async doc:name="Async">
                    <ecle:logger config-ref="eCLE__Configuration" doc:name="eCLE"/>
                </async>
                <db:select config-ref="MDM_Database_Configuration" doc:name="Database">
                    <db:parameterized-query><![CDATA[select role_code,role_name,role_desc,organization_code,organization_name  from pegamdm.mdm_role_master where upper(role_name) like '%ADMIN%';]]></db:parameterized-query>
                </db:select>
                <async doc:name="Async">
                    <ecle:logger config-ref="eCLE__Configuration" doc:name="eCLE"/>
                </async>
                <choice doc:name="Choice">
                    <when expression="#[payload!=empty]">
                        <set-payload value="#[payload]" mimeType="application/java" doc:name="Set Payload"/>
                        <json:object-to-json-transformer mimeType="application/json" doc:name="Object to JSON"/>
                    </when>
                    <otherwise>
                        <set-payload value="{&quot;No Data is available for this  admin &quot; : #[flowVars.admin]}" doc:name="Set Payload"/>
                    </otherwise>
                </choice>
                <async doc:name="Async">
                    <ecle:logger config-ref="eCLE__Configuration" doc:name="eCLE"/>
                </async>
            </otherwise>
        </choice>
    
    </sub-flow>
    <sub-flow name="get_admin_detailsSub_Flow">
	     <choice doc:name="Choice">
            <when expression="#[message.inboundProperties.'http.query.params'.simulatorFlag=='true']">
                <logger message="simulator response" level="INFO" doc:name="Logger"/>
                <set-payload value="[     {         &quot;mandal_code&quot;: &quot;4895&quot;,         &quot;district_name&quot;: &quot;East Godavari&quot;,         &quot;district_code&quot;: &quot;505&quot;,         &quot;village_name&quot;: &quot;Tirugatirallu&quot;,         &quot;mandal_name&quot;: &quot;Rampachodavaram&quot;,         &quot;village_code&quot;: &quot;587155&quot;     } ]" mimeType="application/json" doc:name="Set Payload"/>
            </when>
            <otherwise>
                <expression-component doc:name="Expression"><![CDATA[#[flowVars.RootID = server.dateTime.format("yyMMddhhmmssSSSS");
flowVars.Client_ID="Mule";
flowVars.User_ID="MuleDev";
flowVars.FlowName=flow.name;
]]]></expression-component>
                <set-variable variableName="aadhaarNumber" value="#[message.inboundProperties.'http.query.params'.aadhaarNumber]" doc:name="Variable"/>
                <async doc:name="Async">
                    <ecle:logger config-ref="eCLE__Configuration" doc:name="eCLE"/>
                </async>
                <db:select config-ref="MDM_Database_Configuration" doc:name="Database">
                    <db:parameterized-query><![CDATA[select employee_code,employee_name from pegamdm.mdm_employee_role_master where  role_code in (

select role_code

from pegamdm.mdm_role_master where upper(role_name) like '%ADMIN%' and organization_code in (select organization_code from pegamdm.mdm_employee_master where aadhaar_number=#[flowVars.aadhaarNumber]));]]></db:parameterized-query>
                </db:select>
                <async doc:name="Async">
                    <ecle:logger config-ref="eCLE__Configuration" doc:name="eCLE"/>
                </async>
                <choice doc:name="Choice">
                    <when expression="#[payload!=empty]">
                        <set-payload value="#[payload]" mimeType="application/java" doc:name="Set Payload"/>
                        <json:object-to-json-transformer mimeType="application/json" doc:name="Object to JSON"/>
                    </when>
                    <otherwise>
                        <set-payload value="{&quot;No Data is available for this  admin &quot; : #[flowVars.admin]}" doc:name="Set Payload"/>
                    </otherwise>
                </choice>
                <async doc:name="Async">
                    <ecle:logger config-ref="eCLE__Configuration" doc:name="eCLE"/>
                </async>
            </otherwise>
        </choice>
	
    </sub-flow>
    

</mule>
