<?xml version="1.0" encoding="UTF-8"?>

<mule xmlns:tracking="http://www.mulesoft.org/schema/mule/ee/tracking" xmlns:db="http://www.mulesoft.org/schema/mule/db"
	xmlns:json="http://www.mulesoft.org/schema/mule/json"
	xmlns:http="http://www.mulesoft.org/schema/mule/http" xmlns="http://www.mulesoft.org/schema/mule/core" xmlns:doc="http://www.mulesoft.org/schema/mule/documentation"
	xmlns:spring="http://www.springframework.org/schema/beans" 
	xmlns:xsi="http://www.w3.org/2001/XMLSchema-instance"
	xsi:schemaLocation="http://www.mulesoft.org/schema/mule/db http://www.mulesoft.org/schema/mule/db/current/mule-db.xsd
http://www.mulesoft.org/schema/mule/json http://www.mulesoft.org/schema/mule/json/current/mule-json.xsd
http://www.springframework.org/schema/beans http://www.springframework.org/schema/beans/spring-beans-current.xsd
http://www.mulesoft.org/schema/mule/core http://www.mulesoft.org/schema/mule/core/current/mule.xsd
http://www.mulesoft.org/schema/mule/http http://www.mulesoft.org/schema/mule/http/current/mule-http.xsd
http://www.mulesoft.org/schema/mule/ee/tracking http://www.mulesoft.org/schema/mule/ee/tracking/current/mule-tracking-ee.xsd">
    <flow name="get_branchdetails_byifscFlow">
       <http:listener config-ref="HTTP_Listener_Configuration" path="/BankDetailsFromIFSC" doc:name="HTTP"/>
        <choice doc:name="Choice">
            <when expression="#[message.inboundProperties.'http.query.params'.simulatorFlag=='true']">
                <logger message="simulator response" level="INFO" doc:name="Logger"/>
                <set-payload value="[
    {
        &quot;contact&quot;: &quot;2452512.0&quot;,
        &quot;state_name&quot;: &quot;Maharashtra&quot;,
        &quot;bank_address&quot;: &quot;OM SHIVSHAKTI COMPLEX, VAJRESHWARI ROAD, VALIV VILLAGE, VASAI ROAD (EAST), VASAI 401208&quot;,
        &quot;district_name&quot;: &quot;Thane&quot;,
        &quot;city_name&quot;: &quot;VASAI&quot;,
        &quot;bank_branch&quot;: &quot;VASAI&quot;,
        &quot;bank_ifsc_code&quot;: &quot;ABHY0065043&quot;,
        &quot;bank_name&quot;: &quot;ABHYUDAYA COOPERATIVE BANK LIMITED&quot;
    }
]" doc:name="Set Payload"/>
            </when>
            <otherwise>
                <set-variable variableName="ifsc" value="#[message.inboundProperties.'http.query.params'.ifsc]" doc:name="Variable"/>
                <db:select config-ref="MDM_Database_Configuration" doc:name="PostgresSQL_MDM">
                    <db:parameterized-query><![CDATA[SELECT bank_name, bank_ifsc_code, bank_branch, bank_address, contact, city_name, district_name, state_name
FROM pegamdm.mdm_ifsc_codes where bank_ifsc_code=#[flowVars.ifsc];]]></db:parameterized-query>
                </db:select>
                <logger message="Afetr DB Call Resp: #[message.payloadAs(java.lang.String)]" level="INFO" doc:name="Logger"/>
                <choice doc:name="Choice">
                    <when expression="#[payload!=empty]">
                        <set-payload value="#[payload]" mimeType="application/java" doc:name="Set Payload"/>
                        <json:object-to-json-transformer mimeType="application/json" doc:name="Object to JSON"/>
                    </when>
                    <otherwise>
                        <set-payload value="{&quot;No village Data is available for this  pincode &quot; : #[flowVars.pincode]}" doc:name="Set Payload"/>
                    </otherwise>
                </choice>
            </otherwise>
        </choice>

        <choice-exception-strategy doc:name="Choice Exception Strategy">
            <catch-exception-strategy when="#[exception.causedBy(java.net.ConnectException)]" doc:name="Connect Exception Strategy">
                <logger message="Connect Exception: #[exception.message]." level="ERROR" doc:name="Logger"/>
                <set-variable variableName="ExceptionMessage" value="#[exception.message]" doc:name="ExceptionMessage"/>

                <set-payload value="{
	&quot;httpstatus&quot;:&quot;404&quot;,
	&quot;errorcode&quot;:&quot;ER-101&quot;,
	&quot;errorMessage&quot;:&quot;The requested resource could not be found, please try again&quot;,
	&quot;exceptionMessage&quot;: #[flowVars.ExceptionMessage]
}" doc:name="Set Payload"/>
            </catch-exception-strategy>
            <catch-exception-strategy when="#[exception.causedBy(java.lang.Exception)]" doc:name="IO Exception Strategy">
                <logger message="IO Exception: #[exception.message]." level="ERROR" doc:name="Logger"/>
                <set-variable variableName="ExceptionMessage" value="#[exception.message]" doc:name="ExceptionMessage"/>

                <set-payload value="{
	&quot;httpstatus&quot;:&quot;500&quot;,
	&quot;errorcode&quot;:&quot;ER-101&quot;,
	&quot;errorMessage&quot;:&quot;Internal Error, Service is not available&quot;,
	&quot;exceptionMessage&quot;: #[flowVars.ExceptionMessage]
}" doc:name="Set Payload"/>
            </catch-exception-strategy>
            <catch-exception-strategy doc:name="Catch Exception Strategy">
                <logger message="Connect Exception: #[exception.message]." level="ERROR" doc:name="Logger"/>
                <set-variable variableName="ExceptionMessage" value="#[exception.message]" doc:name="ExceptionMessage"/>

                <set-payload value="{
	&quot;httpstatus&quot;:&quot;400&quot;,
	&quot;errorcode&quot;:&quot;ER-101&quot;,
	&quot;errorMessage&quot;:&quot;The requested resource could not be found, please try again&quot;,
	&quot;exceptionMessage&quot;: #[flowVars.ExceptionMessage]
}" doc:name="Set Payload"/>
            </catch-exception-strategy>
        </choice-exception-strategy>
    </flow>
</mule>