<?xml version="1.0" encoding="UTF-8"?>

<mule xmlns:tracking="http://www.mulesoft.org/schema/mule/ee/tracking" xmlns:json="http://www.mulesoft.org/schema/mule/json"
	xmlns:db="http://www.mulesoft.org/schema/mule/db" xmlns:http="http://www.mulesoft.org/schema/mule/http" xmlns="http://www.mulesoft.org/schema/mule/core" xmlns:doc="http://www.mulesoft.org/schema/mule/documentation"
	xmlns:spring="http://www.springframework.org/schema/beans" 
	xmlns:xsi="http://www.w3.org/2001/XMLSchema-instance"
	xsi:schemaLocation="http://www.mulesoft.org/schema/mule/json http://www.mulesoft.org/schema/mule/json/current/mule-json.xsd
http://www.springframework.org/schema/beans http://www.springframework.org/schema/beans/spring-beans-current.xsd
http://www.mulesoft.org/schema/mule/core http://www.mulesoft.org/schema/mule/core/current/mule.xsd
http://www.mulesoft.org/schema/mule/http http://www.mulesoft.org/schema/mule/http/current/mule-http.xsd
http://www.mulesoft.org/schema/mule/db http://www.mulesoft.org/schema/mule/db/current/mule-db.xsd
http://www.mulesoft.org/schema/mule/ee/tracking http://www.mulesoft.org/schema/mule/ee/tracking/current/mule-tracking-ee.xsd">
    <flow name="getrevenuevillageteluguFlow">
        <http:listener config-ref="HTTP_Listener_Configuration" path="/getRevenueVillageDatatelugu" allowedMethods="GET" doc:name="HTTP"/>
        <choice doc:name="Choice">
            <when expression="#[message.inboundProperties.'http.query.params'.simulatorFlag=='true']">
                <logger message="simulator response" level="INFO" doc:name="Logger"/>
                <set-payload value="[
    {
        &quot;district_name&quot;: &quot;&#3125;&#3135;&#3126;&#3134;&#3094;&#3114;&#3103;&#3149;&#3112;&#3074; &quot;,
        &quot;district_code&quot;: &quot;3&quot;
    },
    {
        &quot;district_name&quot;: &quot;&#3093;&#3139;&#3127;&#3149;&#3107;&quot;,
        &quot;district_code&quot;: &quot;6&quot;
    },
    {
        &quot;district_name&quot;: &quot;&#3080;&#3128;&#3149;&#3103;&#3149; &#3095;&#3147;&#3110;&#3134;&#3125;&#3120;&#3135;&quot;,
        &quot;district_code&quot;: &quot;4&quot;
    },
    {
        &quot;district_name&quot;: &quot;&#3114;&#3126;&#3149;&#3098;&#3135;&#3118; &#3095;&#3147;&#3110;&#3134;&#3125;&#3120;&#3135;&quot;,
        &quot;district_code&quot;: &quot;5&quot;
    },
    {
        &quot;district_name&quot;: &quot;&#3093;&#3105;&#3114;&quot;,
        &quot;district_code&quot;: &quot;11&quot;
    },
    {
        &quot;district_name&quot;: &quot;&#3093;&#3120;&#3149;&#3112;&#3138;&#3122;&#3137;&quot;,
        &quot;district_code&quot;: &quot;13&quot;
    },
    {
        &quot;district_name&quot;: &quot;&#3077;&#3112;&#3074;&#3108;&#3114;&#3137;&#3120;&#3074;&quot;,
        &quot;district_code&quot;: &quot;12&quot;
    },
    {
        &quot;district_name&quot;: &quot;&#3114;&#3149;&#3120;&#3093;&#3134;&#3126;&#3074; &quot;,
        &quot;district_code&quot;: &quot;8&quot;
    },
    {
        &quot;district_name&quot;: &quot;&#3112;&#3142;&#3122;&#3149;&#3122;&#3138;&#3120;&#3137;&quot;,
        &quot;district_code&quot;: &quot;9&quot;
    },
    {
        &quot;district_name&quot;: &quot;&#3098;&#3135;&#3108;&#3149;&#3108;&#3138;&#3120;&#3137;&quot;,
        &quot;district_code&quot;: &quot;10&quot;
    },
    {
        &quot;district_name&quot;: &quot;&#3095;&#3137;&#3074;&#3103;&#3138;&#3120;&#3137; &quot;,
        &quot;district_code&quot;: &quot;7&quot;
    },
    {
        &quot;district_name&quot;: &quot;&#3126;&#3149;&#3120;&#3136;&#3093;&#3134;&#3093;&#3137;&#3123;&#3074; &quot;,
        &quot;district_code&quot;: &quot;1&quot;
    },
    {
        &quot;district_name&quot;: &quot;&#3125;&#3135;&#3100;&#3119;&#3112;&#3095;&#3120;&#3074; &quot;,
        &quot;district_code&quot;: &quot;2&quot;
    }
]" mimeType="application/json" doc:name="Set Payload"/>
            </when>
            <otherwise>
                <logger level="INFO" doc:name="Logger"/>
                <db:select config-ref="MDM_Database_Configuration" doc:name="Database">
                    <db:parameterized-query><![CDATA[select distinct district_code, district_name from pegarev.revenue_village_data_telugu;]]></db:parameterized-query>
                </db:select>
                <logger level="INFO" doc:name="Logger"/>
                <choice doc:name="Choice">
                    <when expression="#[payload!=empty]">
                        <set-payload value="#[payload]" mimeType="application/java" doc:name="Set Payload"/>
                        <json:object-to-json-transformer mimeType="application/json" doc:name="Object to JSON"/>
                    </when>
                    <otherwise>
                        <set-payload value="{&quot;No Data is available for this  VillageName &quot; : #[flowVars.vlgname]}" doc:name="Set Payload"/>
                    </otherwise>
                </choice>
            </otherwise>
        </choice>

    </flow>
    <flow name="getrevenuevillageteluguFlow_District">
        <http:listener config-ref="HTTP_Listener_Configuration" path="/getRevenueMandals" allowedMethods="GET" doc:name="HTTP"/>
        <logger level="INFO" doc:name="Logger"/>
        <set-variable variableName="distCode" value="#[message.inboundProperties.'http.query.params'.districtCode.toUpperCase()]" doc:name="Variable"/>
        <db:select config-ref="MDM_Database_Configuration" doc:name="Database">
            <db:parameterized-query><![CDATA[select distinct mandal_code, mandal_name from pegarev.revenue_village_data_telugu 
where UPPER(district_code) = #[flowVars.distCode];]]></db:parameterized-query>
        </db:select>
        <logger level="INFO" doc:name="Logger"/>
        <choice doc:name="Choice">
			<when expression="#[payload!=empty]">
				<set-payload value="#[payload]" mimeType="application/java"
					doc:name="Set Payload" />
				<json:object-to-json-transformer
					mimeType="application/json" doc:name="Object to JSON" />
			</when>
			<otherwise>
				<set-payload
					value="{&quot;No Data is available for this  VillageName &quot; : #[flowVars.vlgname]}"
					doc:name="Set Payload" />
			</otherwise>
		</choice>
    </flow>
    <flow name="getrevenuevillagebyMandal">
        <http:listener config-ref="HTTP_Listener_Configuration" path="/getVillagesByMandals" allowedMethods="GET" doc:name="HTTP"/>
        <logger level="INFO" doc:name="Logger"/>
        <set-variable variableName="mandal" value="#[message.inboundProperties.'http.query.params'.mandalCode.toUpperCase()]" doc:name="Variable"/>
        <set-variable variableName="district" value="#[message.inboundProperties.'http.query.params'.districtCode.toUpperCase()]" doc:name="Variable"/>
        <db:select config-ref="MDM_Database_Configuration" doc:name="Database">
            <db:parameterized-query><![CDATA[select village_code, village_name from pegarev.revenue_village_data_telugu where UPPER(mandal_code) = #[flowVars.mandal] and UPPER(district_code) = #[flowVars.district]]]></db:parameterized-query>
        </db:select>
        <logger level="INFO" doc:name="Logger"/>
        <choice doc:name="Choice">
			<when expression="#[payload!=empty]">
				<set-payload value="#[payload]" mimeType="application/java"
					doc:name="Set Payload" />
				<json:object-to-json-transformer
					mimeType="application/json" doc:name="Object to JSON" />
			</when>
			<otherwise>
				<set-payload
					value="{&quot;No Data is available for this  VillageName &quot; : #[flowVars.vlgname]}"
					doc:name="Set Payload" />
			</otherwise>
		</choice>
    </flow>
    
</mule>
