<?xml version="1.0" encoding="UTF-8"?>

<mule xmlns:tracking="http://www.mulesoft.org/schema/mule/ee/tracking" xmlns:json="http://www.mulesoft.org/schema/mule/json" xmlns:ecle="http://www.mulesoft.org/schema/mule/ecle"  xmlns:context="http://www.springframework.org/schema/context" xmlns:db="http://www.mulesoft.org/schema/mule/db" xmlns:http="http://www.mulesoft.org/schema/mule/http" xmlns="http://www.mulesoft.org/schema/mule/core" xmlns:doc="http://www.mulesoft.org/schema/mule/documentation"
	xmlns:spring="http://www.springframework.org/schema/beans" 
	xmlns:xsi="http://www.w3.org/2001/XMLSchema-instance"
	xsi:schemaLocation="http://www.springframework.org/schema/beans http://www.springframework.org/schema/beans/spring-beans-current.xsd
http://www.mulesoft.org/schema/mule/db http://www.mulesoft.org/schema/mule/db/current/mule-db.xsd
http://www.mulesoft.org/schema/mule/http http://www.mulesoft.org/schema/mule/http/current/mule-http.xsd
http://www.springframework.org/schema/context http://www.springframework.org/schema/context/spring-context-current.xsd
http://www.mulesoft.org/schema/mule/core http://www.mulesoft.org/schema/mule/core/current/mule.xsd
http://www.mulesoft.org/schema/mule/ecle http://www.mulesoft.org/schema/mule/ecle/current/mule-ecle.xsd
http://www.mulesoft.org/schema/mule/json http://www.mulesoft.org/schema/mule/json/current/mule-json.xsd
http://www.mulesoft.org/schema/mule/ee/tracking http://www.mulesoft.org/schema/mule/ee/tracking/current/mule-tracking-ee.xsd">
    <flow name="GetEmployeeAuthorizationdetails">
        <http:listener config-ref="HTTP_Listener_Configuration" path="/EmployeeAuthorisationdetails" allowedMethods="GET" doc:name="HTTP"/>
        <choice doc:name="Choice">
            <when expression="#[message.inboundProperties.'http.query.params'.simulatorFlag=='true']">
                <logger message="simulator response" level="INFO" doc:name="Logger"/>
                <set-payload value="{
    &quot;roles&amp;activities&quot;: [
        {
            &quot;district_name&quot;: &quot;Vizianagaram&quot;,
            &quot;aadhaar_number&quot;: 497996093928,
            &quot;employee_code&quot;: &quot;96093928&quot;,
            &quot;mandal_name&quot;: null,
            &quot;employee_active_status&quot;: &quot;ACTIVE&quot;,
            &quot;mandal_code&quot;: null,
            &quot;role_activity_status&quot;: &quot;ACTIVE&quot;,
            &quot;employee_name&quot;: &quot;K.ChandramouliPatnaik&quot;,
            &quot;district_code&quot;: &quot;521&quot;,
            &quot;village_name&quot;: null,
            &quot;activity_level_id&quot;: 151002,
            &quot;manager_employee_code&quot;: null,
            &quot;employee_id&quot;: 49799609,
            &quot;role_level_id&quot;: 151002,
            &quot;employee_role_status&quot;: &quot;ACTIVE&quot;,
            &quot;activity_name&quot;: &quot;Application correction&quot;,
            &quot;designation_name&quot;: &quot;Principal&quot;,
            &quot;role_code&quot;: &quot;EHE03_PRN_000001&quot;,
            &quot;syspk&quot;: 408,
            &quot;entity_name&quot;: &quot;College&quot;,
            &quot;village_code&quot;: null,
            &quot;activity_code&quot;: &quot;EHE03_PRN_A00001&quot;,
            &quot;designation_id&quot;: &quot;EHE03_PRN_000001&quot;,
            &quot;role_name&quot;: &quot;Principal&quot;,
            &quot;organization_code&quot;: &quot;EHE03&quot;,
            &quot;activity_level_desc&quot;: &quot;State Level Head Office&quot;,
            &quot;organization_name&quot;: &quot;Collegiate Education&quot;,
            &quot;person_id&quot;: null,
            &quot;employee_type&quot;: &quot;Permanent&quot;,
            &quot;role_level_desc&quot;: &quot;State Level Head Office&quot;
        }
    ]
}" mimeType="application/json" doc:name="Set Payload"/>
            </when>
            <otherwise>
                <expression-component doc:name="Expression"><![CDATA[#[flowVars.RootID = server.dateTime.format("yyMMddhhmmssSSSS");
flowVars.Client_ID="Mule";
flowVars.User_ID="MuleDev";
flowVars.FlowName=flow.name;
]]]></expression-component>
                <set-variable variableName="aadharNumber" value="#[message.inboundProperties.'http.query.params'.uid]" doc:name="aadharNumber"/>
                <async doc:name="Async">
                    <ecle:logger config-ref="eCLE__Configuration" Key="UID" Value="#[flowVars.aadharNumber]" LogType="Audit" LogMessageType="STARTED" LogMessage="MDM Employee Authorization Details service is STARTED with Aadhar Number : #[flowVars.aadharNumber]" doc:name="eCLE"/>
                </async>
                <async doc:name="Async">
                    <ecle:logger config-ref="eCLE__Configuration" ArcheivePayload="True" Key="UID" Value="#[flowVars.aadharNumber]" LogType="Audit" LogMessageType="INPROCESS" LogMessage="MDM Employee Authorization Details service is INPROCESS State with Aadhar Number : #[flowVars.aadharNumber]" Currentpayload="#[new String(payload)]" doc:name="eCLE"/>
                </async>
                <db:select config-ref="MDM_Database_Configuration" doc:name="PostgresSQL_MDM">
                    <db:parameterized-query><![CDATA[select distinct M1.employee_code, M1.aadhaar_number, M1.person_id, M1.employee_id, M1.employee_name, M1.entity_name, M1.organization_code, M1.organization_name, 
M1.designation_id, M1.designation_name, M1.employee_type, M1.manager_employee_code, M1.employee_active_status, M2.role_code, M2.role_name, M2.employee_role_status, M2.district_code, M2.district_name, M2.mandal_code, M2.mandal_name, M2.village_code, M2.village_name, M3.syspk, M3.activity_code, M3.activity_name, M3.activity_level_id, M3.activity_level_desc, M3.role_level_id, M3.role_level_desc, M3.role_activity_status from pegamdm.mdm_employee_master AS M1
INNER JOIN pegamdm.mdm_employee_role_master AS M2 on M1.employee_code = M2.employee_code
INNER JOIN pegamdm.mdm_role_activity_master AS M3 on M2.role_code = M3.role_code
where M1.aadhaar_number=#[flowVars.aadharNumber];]]></db:parameterized-query>
                </db:select>
                <choice doc:name="Choice">
                    <when expression="#[payload!=empty]">
                        <json:object-to-json-transformer mimeType="application/json" doc:name="Object to JSON"/>
                        <set-payload value="{&quot;roles&amp;activities&quot;: #[payload] }" mimeType="application/json" doc:name="Set Payload"/>
                    </when>
                    <otherwise>
                        <set-payload value="{&quot;No Data is available for this  Aadhar Number &quot; : #[flowVars.aadharNumber]}" doc:name="Set Payload"/>
                    </otherwise>
                </choice>
                <async doc:name="Async">
                    <ecle:logger config-ref="eCLE__Configuration" ArcheivePayload="True" Key="UID" Value="#[flowVars.aadharNumber]" LogType="Audit" LogMessageType="COMPLETED" LogMessage="MDM Employee Authorization Details service has COMPLETED with Aadhar Number : #[flowVars.aadharNumber]" Currentpayload="#[new String(payload)]" doc:name="eCLE"/>
                </async>
            </otherwise>
        </choice>
        <choice-exception-strategy doc:name="Choice Exception Strategy">
            <catch-exception-strategy when="#[exception.causedBy(java.net.ConnectException)]" doc:name="Connect Exception Strategy">
                <logger message="Connect Exception: #[exception.message]." level="ERROR" doc:name="Logger"/>
                <set-variable variableName="ExceptionMessage" value="#[exception.message]" doc:name="ExceptionMessage"/>
                <ecle:error config-ref="eCLE__Configuration" flowName="#[flowVars.FlowName]" Key="UID" Value="#[flowVars.aadharNumber]" LogType="Audit" LogMessageType="ERRORED" LogMessage="MDM Employee Authorization Details service has ERRORED  with Aadhar Number : #[flowVars.aadharNumber]" ArcheivePayload="True" doc:name="eCLE" Currentpayload="#[new String(payload)]"/>
                <set-payload value="{
	&quot;httpstatus&quot;:&quot;404&quot;,
	&quot;errorcode&quot;:&quot;ER-101&quot;,
	&quot;errorMessage&quot;:&quot;The requested resource could not be found, please try again&quot;,
	&quot;exceptionMessage&quot;: #[flowVars.ExceptionMessage]
}" doc:name="Set Payload"/>
            </catch-exception-strategy>
            <catch-exception-strategy when="#[exception.causedBy(java.lang.Exception)]" doc:name="IO Exception Strategy">
                <logger message="IO Exception: #[exception.message]." level="ERROR" doc:name="Logger"/>
                <set-variable variableName="ExceptionMessage" value="#[exception.message]" doc:name="ExceptionMessage"/>
                <ecle:error config-ref="eCLE__Configuration" flowName="#[flowVars.FlowName]" Key="UID" Value="#[flowVars.aadharNumber]" LogType="Audit" LogMessageType="ERRORED" LogMessage="MDM Employee Authorization Details service has ERRORED  with Aadhar Number : #[flowVars.aadharNumber]" ArcheivePayload="True" doc:name="eCLE" Currentpayload="#[new String(payload)]"/>
                <set-payload value="{
	&quot;httpstatus&quot;:&quot;500&quot;,
	&quot;errorcode&quot;:&quot;ER-101&quot;,
	&quot;errorMessage&quot;:&quot;Internal Error, Service is not available&quot;,
	&quot;exceptionMessage&quot;: #[flowVars.ExceptionMessage]
}" doc:name="Set Payload"/>
            </catch-exception-strategy>
            <catch-exception-strategy doc:name="Catch Exception Strategy">
                <logger message="Connect Exception: #[exception.message]." level="ERROR" doc:name="Logger"/>
                <set-variable variableName="ExceptionMessage" value="#[exception.message]" doc:name="ExceptionMessage"/>
                <ecle:error config-ref="eCLE__Configuration" flowName="#[flowVars.FlowName]"       LogType="Audit" LogMessageType="ERRORED" LogMessage="MDM Employee Authorization Details service has ERRORED  with Aadhar Number : #[flowVars.aadharNumber]" ArcheivePayload="True" doc:name="eCLE"  Key="UID" Value="#[flowVars.aadharNumber]" Currentpayload="#[new String(payload)]"/>
                <set-payload value="{
	&quot;httpstatus&quot;:&quot;400&quot;,
	&quot;errorcode&quot;:&quot;ER-101&quot;,
	&quot;errorMessage&quot;:&quot;The requested resource could not be found, please try again&quot;,
	&quot;exceptionMessage&quot;: #[flowVars.ExceptionMessage]
}" doc:name="Set Payload"/>
            </catch-exception-strategy>
        </choice-exception-strategy>
    </flow>
</mule>
