<?xml version="1.0" encoding="UTF-8"?>

<mule xmlns:metadata="http://www.mulesoft.org/schema/mule/metadata" xmlns:db="http://www.mulesoft.org/schema/mule/db" xmlns:json="http://www.mulesoft.org/schema/mule/json" xmlns:http="http://www.mulesoft.org/schema/mule/http" xmlns:ecle="http://www.mulesoft.org/schema/mule/ecle" xmlns:tracking="http://www.mulesoft.org/schema/mule/ee/tracking" xmlns="http://www.mulesoft.org/schema/mule/core" xmlns:doc="http://www.mulesoft.org/schema/mule/documentation"
	xmlns:spring="http://www.springframework.org/schema/beans" 
	xmlns:xsi="http://www.w3.org/2001/XMLSchema-instance"
	xsi:schemaLocation="http://www.springframework.org/schema/beans http://www.springframework.org/schema/beans/spring-beans-current.xsd
http://www.mulesoft.org/schema/mule/core http://www.mulesoft.org/schema/mule/core/current/mule.xsd
http://www.mulesoft.org/schema/mule/http http://www.mulesoft.org/schema/mule/http/current/mule-http.xsd
http://www.mulesoft.org/schema/mule/db http://www.mulesoft.org/schema/mule/db/current/mule-db.xsd
http://www.mulesoft.org/schema/mule/json http://www.mulesoft.org/schema/mule/json/current/mule-json.xsd
http://www.mulesoft.org/schema/mule/ee/tracking http://www.mulesoft.org/schema/mule/ee/tracking/current/mule-tracking-ee.xsd
http://www.mulesoft.org/schema/mule/ecle http://www.mulesoft.org/schema/mule/ecle/current/mule-ecle.xsd">
    <flow name="getservicemetadataFlow">
        <http:listener config-ref="HTTP_Listener_Configuration" path="/getservicemetadata" allowedMethods="GET" doc:name="HTTP"/>
        <choice doc:name="Choice">
            <when expression="#[message.inboundProperties.'http.query.params'.simulatorFlag=='true']">
                <logger level="INFO" doc:name="Logger" message="simulator response"/>
                <set-payload doc:name="Set Payload" mimeType="application/json" value="{
    &quot;ServiceMetaData&quot;: {
        &quot;service_period_start_date&quot;: null,
        &quot;organization_code&quot;: &quot;TRB03&quot;,
        &quot;service_period_end_date&quot;: null,
        &quot;service_name&quot;: &quot;Driving Licence&quot;,
        &quot;organization_name&quot;: &quot;Transport&quot;,
        &quot;service_desc&quot;: null,
        &quot;service_code&quot;: &quot;TRBO3_DrLicence&quot;
    },
    &quot;Success&quot;: &quot;TRUE&quot;
}"/>
            </when>
            <otherwise>
                <expression-component doc:name="Expression"><![CDATA[#[flowVars.RootID = server.dateTime.format("yyMMddhhmmssSSSS");
flowVars.Client_ID="Mule";
flowVars.User_ID="MuleDev";
flowVars.FlowName=flow.name;
]]]></expression-component>
                <set-variable variableName="correlation_id" value="#[message.inboundProperties.'http.query.params'.correlation_id]" doc:name="correlation_id"/>
                <async doc:name="Async">
                    <ecle:logger config-ref="eCLE__Configuration" Key="correlatio_id" Value="#[flowVars.correlation_id]" LogType="Audit" LogMessageType="STARTED" LogMessage="MDM ServiceMetaData service is STARTED with correlatio_id : #[flowVars.correlation_id]" doc:name="eCLE"/>
                </async>
                <db:select config-ref="MDM_Database_Configuration" doc:name="Database">
                    <db:dynamic-query><![CDATA[SELECT msm.service_code, service_name, service_desc, organization_code, organization_name, service_period_start_date, service_period_end_date
FROM pegamdm.mdm_service_master msm,
portal.OP_service_audit osa
where msm.service_code=osa.service_code and 
osa.correlation_id='#[flowVars.correlation_id]';]]></db:dynamic-query>
                </db:select>
                <async doc:name="Async">
                    <ecle:logger config-ref="eCLE__Configuration" ArcheivePayload="True" LogType="Audit" LogMessageType="INPROCESS" LogMessage="Invoked database to get Service Meta Data" doc:name="eCLE"/>
                </async>
                <choice doc:name="Choice">
                    <when expression="#[payload!=empty]">
                        <set-payload value="#[payload[0]]" doc:name="Set Payload"/>
                        <json:object-to-json-transformer mimeType="application/json" doc:name="Object to JSON"/>
                        <set-payload value="{&quot;ServiceMetaData&quot;:#[payload], &quot;Success&quot;:&quot;TRUE&quot;}" mimeType="application/json" doc:name="Set Payload"/>
                        <logger message="#[payload]" level="INFO" doc:name="Logger"/>
                    </when>
                    <otherwise>
                        <set-payload value="{&quot;Success&quot;:&quot;FALSE&quot;, &quot;Error Message&quot;:&quot;No Data available for this  Correlation-id &quot; : #[flowVars.correlation_id] }" mimeType="application/json" doc:name="Set Payload"/>
                    </otherwise>
                </choice>
                <async doc:name="Async">
                    <ecle:logger config-ref="eCLE__Configuration" ArcheivePayload="True" LogType="Audit" LogMessageType="COMPLETED" LogMessage="Retrieved data for correlation_id : #[flowVars.correlation_id]" Currentpayload="#[new String(payload)]" doc:name="eCLE"/>
                </async>
            </otherwise>
        </choice>
        <choice-exception-strategy doc:name="Choice Exception Strategy">
            <catch-exception-strategy when="#[exception.causedBy(java.net.ConnectException)]" doc:name="Connect Exception Strategy">
                <logger message="Connect Exception: #[exception.message]." level="ERROR" doc:name="Logger"/>
                <set-variable variableName="ExceptionMessage" value="#[exception.message]" doc:name="ExceptionMessage"/>
                <async doc:name="Async">
                    <ecle:error config-ref="eCLE__Configuration" flowName="#[flowVars.FlowName]" LogType="Audit" LogMessageType="ERRORED" LogMessage="#[exception.message]" ArcheivePayload="True" Currentpayload="#[new String(payload)]" doc:name="eCLE"/>
                </async>
                <set-payload value="{  &quot;httpstatus&quot;:&quot;404&quot;,  &quot;errorcode&quot;:&quot;ER-101&quot;,  &quot;errorMessage&quot;:&quot;The requested resource could not be found, please try again&quot;,  &quot;exceptionMessage&quot;: #[flowVars.ExceptionMessage],&quot;Success&quot;:&quot;FALSE&quot;,
&quot;Error Message&quot;:&quot;The requested resource could not be found, please try again&quot;}" doc:name="Set Payload"/>
            </catch-exception-strategy>
            <catch-exception-strategy when="#[exception.causedBy(java.lang.Exception)]" doc:name="IO Exception Strategy">
                <logger message="IO Exception: #[exception.message]." level="ERROR" doc:name="Logger"/>
                <set-variable variableName="ExceptionMessage" value="#[exception.message]" doc:name="ExceptionMessage"/>
                <async doc:name="Async">
                    <ecle:error config-ref="eCLE__Configuration" flowName="#[flowVars.FlowName]" LogType="Audit" LogMessageType="ERRORED" LogMessage="#[exception.message]" ArcheivePayload="True" Currentpayload="#[new String(payload)]" doc:name="eCLE"/>
                </async>
                <set-payload value="{  &quot;httpstatus&quot;:&quot;500&quot;,  &quot;errorcode&quot;:&quot;ER-101&quot;,  &quot;errorMessage&quot;:&quot;Internal Error, Service is not available&quot;,  &quot;exceptionMessage&quot;: #[flowVars.ExceptionMessage] ,&quot;Success&quot;:&quot;FALSE&quot;,
&quot;Error Message&quot;:&quot;The requested resource could not be found, please try again&quot;}" doc:name="Set Payload"/>
            </catch-exception-strategy>
            <catch-exception-strategy doc:name="Catch Exception Strategy">
                <logger message="Connect Exception: #[exception.message]." level="ERROR" doc:name="Logger"/>
                <set-variable variableName="ExceptionMessage" value="#[exception.message]" doc:name="ExceptionMessage"/>
                <async doc:name="Async">
                    <ecle:error config-ref="eCLE__Configuration" flowName="#[flowVars.FlowName]" LogType="Audit" LogMessageType="ERRORED" LogMessage="#[exception.message]" ArcheivePayload="True" Currentpayload="#[new String(payload)]" doc:name="eCLE"/>
                </async>
                <set-payload value="{  &quot;httpstatus&quot;:&quot;400&quot;,  &quot;errorcode&quot;:&quot;ER-101&quot;,  &quot;errorMessage&quot;:&quot;The requested resource could not be found, please try again&quot;,  &quot;exceptionMessage&quot;: #[flowVars.ExceptionMessage] ,&quot;Success&quot;:&quot;FALSE&quot;,
&quot;Error Message&quot;:&quot;The requested resource could not be found, please try again&quot;}" doc:name="Set Payload"/>
            </catch-exception-strategy>
        </choice-exception-strategy>
    </flow>
</mule>
