<?xml version="1.0" encoding="UTF-8"?>

<mule xmlns:tracking="http://www.mulesoft.org/schema/mule/ee/tracking" xmlns:db="http://www.mulesoft.org/schema/mule/db"
	xmlns:json="http://www.mulesoft.org/schema/mule/json"
	xmlns:http="http://www.mulesoft.org/schema/mule/http"
	xmlns:ecle="http://www.mulesoft.org/schema/mule/ecle"
	xmlns="http://www.mulesoft.org/schema/mule/core" xmlns:doc="http://www.mulesoft.org/schema/mule/documentation"
	xmlns:spring="http://www.springframework.org/schema/beans" 
	xmlns:xsi="http://www.w3.org/2001/XMLSchema-instance"
	xsi:schemaLocation="http://www.mulesoft.org/schema/mule/db http://www.mulesoft.org/schema/mule/db/current/mule-db.xsd
http://www.mulesoft.org/schema/mule/json http://www.mulesoft.org/schema/mule/json/current/mule-json.xsd
http://www.mulesoft.org/schema/mule/http http://www.mulesoft.org/schema/mule/http/current/mule-http.xsd
http://www.mulesoft.org/schema/mule/ecle http://www.mulesoft.org/schema/mule/ecle/current/mule-ecle.xsd
http://www.springframework.org/schema/beans http://www.springframework.org/schema/beans/spring-beans-current.xsd
http://www.mulesoft.org/schema/mule/core http://www.mulesoft.org/schema/mule/core/current/mule.xsd
http://www.mulesoft.org/schema/mule/ee/tracking http://www.mulesoft.org/schema/mule/ee/tracking/current/mule-tracking-ee.xsd">
    <flow name="getusermetadatabyAadhaar">
    	<http:listener config-ref="HTTP_Listener_Configuration" path="/getusermetadatabyaadhaar" allowedMethods="GET" doc:name="HTTP"/>
        <choice doc:name="Choice">
            <when expression="#[message.inboundProperties.'http.query.params'.simulatorFlag=='true']">
                <logger message="simulator response" level="INFO" doc:name="Logger"/>
                <set-payload value="{
    &quot;Name&quot;: &quot;Venkat Narayana 002&quot;,
    &quot;DOB&quot;: &quot;null&quot;,
    &quot;Gender&quot;: &quot;null&quot;,
    &quot;House No&quot;: &quot;null&quot;,
    &quot;Street&quot;: &quot;null&quot;,
    &quot;Village&quot;: &quot;null&quot;,
    &quot;District&quot;: &quot;null&quot;,
    &quot;State&quot;: &quot;null&quot;,
    &quot;Post Office&quot;: &quot;null&quot;,
    &quot;Pin Code&quot;: &quot;null&quot;,
    &quot;AadhaarNumber&quot;: &quot;919293456790&quot;
}" mimeType="application/json" doc:name="Set Payload"/>
            </when>
            <otherwise>
                <expression-component doc:name="Expression"><![CDATA[#[flowVars.RootID = server.dateTime.format("yyMMddhhmmssSSSS");
flowVars.Client_ID="Mule";
flowVars.User_ID="MuleDev";
flowVars.FlowName=flow.name;
]]]></expression-component>
                <flow-ref name="StoreInboundPropertiesSub_Flow" doc:name="StoreInboundPropertiesSub_Flow"/>
                <async doc:name="Async">
                    <ecle:logger config-ref="eCLE__Configuration" Key="aadhaarnumber" Value="#[flowVars.aadhaarnumber]" LogType="Audit" LogMessageType="STARTED" LogMessage="MDM UserMetaData service is STARTED with aadhaar_number : #[flowVars.aadhaarnumber]" doc:name="eCLE"/>
                </async>
                <db:select config-ref="MDM_Database_Configuration" doc:name="Database">
                    <db:dynamic-query><![CDATA[SELECT name,aadhaar_number,date_of_birth,gender,house_number_adh,street_adh,village_adh,district_name_adh,state_name_adh,post_office_adh,pin_code_adh,mobile_number,district_code_pss,district_name_pss,building_name_pss,house_name_ward_no_div_pss,area_ward_colony_street_pss,village_town_pss,pin_code_pss,house_hold_id,relationship_with_hoh,religion,caste,sub_caste,occupation,occupation_category,martial_status,physicalhandicapped_type_id,physicalhandicapped_status,physicalhandicapped_percentage,voters_card_no,kissan_card_available,annual_income,ration_id,email_id
FROM pegamdm.mdm_citizen_data 
where aadhaar_number='#[flowVars.aadhaarnumber]';]]></db:dynamic-query>
                </db:select>
                <async doc:name="Async">
                    <ecle:logger config-ref="eCLE__Configuration" ArcheivePayload="True" LogType="Audit" LogMessageType="INPROCESS" LogMessage="Invoked database to get User Meta Data" doc:name="eCLE"/>
                </async>
                <choice doc:name="Choice">
                    <when expression="#[payload!=empty]">
                        <flow-ref name="GenerateResponseSubFlow" doc:name="GenerateResponseSubFlow"/>
                    </when>
                    <otherwise>
                        <set-payload value="{&quot;Success&quot;:&quot;FALSE&quot;, &quot;Error Message&quot;:&quot;No Data available for this  Aadhaar Number #[flowVars.aadhaarnumber] &quot; }" mimeType="application/json" doc:name="Set Payload"/>
                    </otherwise>
                </choice>
                <async doc:name="Async">
                    <ecle:logger config-ref="eCLE__Configuration" ArcheivePayload="True" LogType="Audit" LogMessageType="COMPLETED" LogMessage="Retrieved data for aadhaar_number : #[flowVars.aadhaarnumber]" Currentpayload="#[new String(payload)]" doc:name="eCLE"/>
                </async>
            </otherwise>
        </choice>
        <choice-exception-strategy doc:name="Choice Exception Strategy">
            <catch-exception-strategy when="#[exception.causedBy(java.net.ConnectException)]" doc:name="Connect Exception Strategy">
                <logger message="Connect Exception: #[exception.message]." level="ERROR" doc:name="Logger"/>
                <set-variable variableName="ExceptionMessage" value="#[exception.message]" doc:name="ExceptionMessage"/>
                <async doc:name="Async">
                    <ecle:error config-ref="eCLE__Configuration" flowName="#[flowVars.FlowName]" LogType="Audit" LogMessageType="ERRORED" LogMessage="#[exception.message]" ArcheivePayload="True" Currentpayload="#[new String(payload)]" doc:name="eCLE"/>
                </async>
                <set-payload value="{  &quot;httpstatus&quot;:&quot;404&quot;,  &quot;errorcode&quot;:&quot;ER-101&quot;,  &quot;errorMessage&quot;:&quot;The requested resource could not be found, please try again&quot;,  &quot;exceptionMessage&quot;: #[flowVars.ExceptionMessage],&quot;Success&quot;:&quot;FALSE&quot;,
&quot;Error Message&quot;:&quot;The requested resource could not be found, please try again&quot; }" doc:name="Set Payload"/>
            </catch-exception-strategy>
            <catch-exception-strategy when="#[exception.causedBy(java.lang.Exception)]" doc:name="IO Exception Strategy">
                <logger message="IO Exception: #[exception.message]." level="ERROR" doc:name="Logger"/>
                <set-variable variableName="ExceptionMessage" value="#[exception.message]" doc:name="ExceptionMessage"/>
                <async doc:name="Async">
                    <ecle:error config-ref="eCLE__Configuration" flowName="#[flowVars.FlowName]" LogType="Audit" LogMessageType="ERRORED" LogMessage="#[exception.message]" ArcheivePayload="True" Currentpayload="#[new String(payload)]" doc:name="eCLE"/>
                </async>
                <set-payload value="{  &quot;httpstatus&quot;:&quot;500&quot;,  &quot;errorcode&quot;:&quot;ER-101&quot;,  &quot;errorMessage&quot;:&quot;Internal Error, Service is not available&quot;,  &quot;exceptionMessage&quot;: #[flowVars.ExceptionMessage],&quot;Success&quot;:&quot;FALSE&quot;,
&quot;Error Message&quot;:&quot;The requested resource could not be found, please try again&quot; }" doc:name="Set Payload"/>
            </catch-exception-strategy>
            <catch-exception-strategy doc:name="Catch Exception Strategy">
                <logger message="Connect Exception: #[exception.message]." level="ERROR" doc:name="Logger"/>
                <set-variable variableName="ExceptionMessage" value="#[exception.message]" doc:name="ExceptionMessage"/>
                <async doc:name="Async">
                    <ecle:error config-ref="eCLE__Configuration" flowName="#[flowVars.FlowName]" LogType="Audit" LogMessageType="ERRORED" LogMessage="#[exception.message]" ArcheivePayload="True" Currentpayload="#[new String(payload)]" doc:name="eCLE"/>
                </async>
                <set-payload value="{  &quot;httpstatus&quot;:&quot;400&quot;,  &quot;errorcode&quot;:&quot;ER-101&quot;,  &quot;errorMessage&quot;:&quot;The requested resource could not be found, please try again&quot;,  &quot;exceptionMessage&quot;: #[flowVars.ExceptionMessage],&quot;Success&quot;:&quot;FALSE&quot;,
&quot;Error Message&quot;:&quot;The requested resource could not be found, please try again&quot; }" doc:name="Set Payload"/>
            </catch-exception-strategy>
        </choice-exception-strategy>
    </flow>
    <sub-flow name="StoreInboundPropertiesSub_Flow">
        <set-variable variableName="aadhaarnumber" value="#[message.inboundProperties.'http.query.params'.aadhaarnumber]" doc:name="aadhaarnumber"/>
        <set-variable variableName="datavariation" value="#[message.inboundProperties.'http.query.params'.datavariation]" doc:name="Data Variation"/>
        <set-variable variableName="aadhaarrequired" value="#[message.inboundProperties.'http.query.params'.aadhaarrequired]" doc:name="Aadhaar Required"/>
        <set-variable variableName="encryptionrequired" value="#[message.inboundProperties.'http.query.params'.encryptionrequired]" doc:name="Encryption Required"/>
    </sub-flow>
    <sub-flow name="GenerateResponseSubFlow">
        <set-payload value="#[payload[0]]" doc:name="Set Payload"/>
        <logger message="#[payload.mobile_number]" level="INFO" doc:name="Logger"/>
        <choice doc:name="Choice">
            <when expression="#[flowVars.datavariation=='D1']">
                <logger message="D1:::::::::::#[flowVars.datavariation=='D1']" level="INFO" doc:name="Logger"/>
                <set-payload value="&quot;Name&quot;: &quot;#[payload.name]&quot;,  &quot;DOB&quot;:&quot;#[payload.date_of_birth]&quot;,  &quot;Gender&quot;:&quot;#[payload.gender]&quot;,  &quot;House No&quot;:&quot;#[payload.house_number_adh]&quot;,  &quot;Street&quot;:&quot;#[payload.street_adh]&quot;,  &quot;Village&quot;:&quot;#[payload.village_adh]&quot;,  &quot;District&quot;:&quot;#[payload.district_name_adh]&quot;,  &quot;State&quot;:&quot;#[payload.state_name_adh]&quot;,  &quot;Post Office&quot;:&quot;#[payload.post_office_adh]&quot;,  &quot;Pin Code&quot;:&quot;#[payload.pin_code_adh]&quot;" doc:name="Set Payload" mimeType="application/json"/>
            </when>
            <when expression="#[flowVars.datavariation=='D2']">
                <logger message="D2:::::::::::#[flowVars.datavariation=='D2']" level="INFO" doc:name="Logger"/>
                <set-payload value="&quot;Mobile&quot;:&quot;#[payload.mobile_number]&quot;, &quot;District_Code&quot;:&quot;#[payload.district_code_pss]&quot;, &quot;District_Name&quot;:&quot;#[payload.district_name_pss]&quot;, &quot;Building_Name&quot;:&quot;#[payload.building_name_pss]&quot;, &quot;House_Name_Ward_No_Div_Pss&quot;:&quot;#[payload.house_name_ward_no_div_pss]&quot;, &quot;Area_Ward_Colony_Street_Pss&quot;:&quot;#[payload.area_ward_colony_street_pss]&quot;, &quot;Village_Town_Pss&quot;:&quot;#[payload.village_town_pss]&quot;, &quot;Pin_Code_Pss&quot;:&quot;#[payload.pin_code_pss]&quot;, &quot;House_Hold_Id&quot;:&quot;#[payload.house_hold_id]&quot;, &quot;Relationship_With_HOH&quot;:&quot;#[payload.relationship_with_hoh]&quot;, &quot;Religion&quot;:&quot;#[payload.religion]&quot;, &quot;Caste&quot;:&quot;#[payload.caste]&quot;, &quot;Sub_Caste&quot;:&quot;#[payload.sub_caste]&quot;, &quot;Occupation&quot;:&quot;#[payload.occupation]&quot;, &quot;Occupation_Category&quot;:&quot;#[payload.occupation_category]&quot;, &quot;Martial_Status&quot;:&quot;#[payload.martial_status]&quot;, &quot;Physicallyhandicapped_Type_Id&quot;:&quot;#[payload.physicalhandicapped_type_id]&quot;, &quot;Physicallyhandicapped_Status&quot;:&quot;#[payload.physicalhandicapped_status]&quot;, &quot;Physicallyhandicapped_Percentage&quot;:&quot;#[payload.physicalhandicapped_percentage]&quot;, &quot;Voters_Card_Number&quot;:&quot;#[payload.voters_card_no]&quot;, &quot;Kisan_Card_Available&quot;:&quot;#[payload.kissan_card_available]&quot;, &quot;Annual_Income&quot;:&quot;#[payload.annual_income]&quot;, &quot;Ration_Id&quot;:&quot;#[payload.ration_id]&quot;" mimeType="application/json" doc:name="Set Payload"/>
            </when>
            <when expression="#[flowVars.datavariation=='D3']">
                <logger message="D3:::::::::::#[flowVars.datavariation=='D3']" level="INFO" doc:name="Logger"/>
                <set-payload value="&quot;Name&quot;: &quot;#[payload.name]&quot;, &quot;DOB&quot;:&quot;#[payload.date_of_birth]&quot;, &quot;Gender&quot;:&quot;#[payload.gender]&quot;, &quot;House No&quot;:&quot;#[payload.house_number_adh]&quot;, &quot;Street&quot;:&quot;#[payload.street_adh]&quot;, &quot;Village&quot;:&quot;#[payload.village_adh]&quot;, &quot;District&quot;:&quot;#[payload.district_name_adh]&quot;, &quot;State&quot;:&quot;#[payload.state_name_adh]&quot;, &quot;Post Office&quot;:&quot;#[payload.post_office_adh]&quot;, &quot;Pin Code&quot;:&quot;#[payload.pin_code_adh]&quot;, &quot;Mobile&quot;:&quot;#[payload.mobile_number]&quot;, &quot;Email&quot;:&quot;#[payload.email_id]&quot;,&quot;District_Code&quot;:&quot;#[payload.district_code_pss]&quot;, &quot;District_Name&quot;:&quot;#[payload.district_name_pss]&quot;, &quot;Building_Name&quot;:&quot;#[payload.building_name_pss]&quot;, &quot;House_Name_Ward_No_Div_Pss&quot;:&quot;#[payload.house_name_ward_no_div_pss]&quot;, &quot;Area_Ward_Colony_Street_Pss&quot;:&quot;#[payload.area_ward_colony_street_pss]&quot;, &quot;Village_Town_Pss&quot;:&quot;#[payload.village_town_pss]&quot;, &quot;Pin_Code_Pss&quot;:&quot;#[payload.pin_code_pss]&quot;, &quot;House_Hold_Id&quot;:&quot;#[payload.house_hold_id]&quot;, &quot;Relationship_With_HOH&quot;:&quot;#[payload.relationship_with_hoh]&quot;, &quot;Religion&quot;:&quot;#[payload.religion]&quot;, &quot;Caste&quot;:&quot;#[payload.caste]&quot;, &quot;Sub_Caste&quot;:&quot;#[payload.sub_caste]&quot;, &quot;Occupation&quot;:&quot;#[payload.occupation]&quot;, &quot;Occupation_Category&quot;:&quot;#[payload.occupation_category]&quot;, &quot;Martial_Status&quot;:&quot;#[payload.martial_status]&quot;, &quot;Physicallyhandicapped_Type_Id&quot;:&quot;#[payload.physicalhandicapped_type_id]&quot;, &quot;Physicallyhandicapped_Status&quot;:&quot;#[payload.physicalhandicapped_status]&quot;, &quot;Physicallyhandicapped_Percentage&quot;:&quot;#[payload.physicalhandicapped_percentage]&quot;, &quot;Voters_Card_Number&quot;:&quot;#[payload.voters_card_no]&quot;, &quot;Kisan_Card_Available&quot;:&quot;#[payload.kissan_card_available]&quot;, &quot;Annual_Income&quot;:&quot;#[payload.annual_income]&quot;, &quot;Ration_Id&quot;:&quot;#[payload.ration_id]&quot;" mimeType="application/json" doc:name="Set Payload"/>
            </when>
            <when expression="#[flowVars.datavariation=='D4']">
                <logger message="D4:::::::::::#[flowVars.datavariation=='D4']" level="INFO" doc:name="Logger"/>
                <set-payload value="&quot;Name&quot;: &quot;#[payload.name]&quot;,&quot;Email&quot;:&quot;#[payload.email_id]&quot;, &quot;DOB&quot;:&quot;#[payload.date_of_birth]&quot;, &quot;Gender&quot;:&quot;#[payload.gender]&quot;, &quot;House No&quot;:&quot;#[payload.house_number_adh]&quot;, &quot;Street&quot;:&quot;#[payload.street_adh]&quot;, &quot;Village&quot;:&quot;#[payload.village_adh]&quot;, &quot;District&quot;:&quot;#[payload.district_name_adh]&quot;, &quot;State&quot;:&quot;#[payload.state_name_adh]&quot;, &quot;Post Office&quot;:&quot;#[payload.post_office_adh]&quot;, &quot;Pin Code&quot;:&quot;#[payload.pin_code_adh]&quot;, &quot;District_Code&quot;:&quot;#[payload.district_code_pss]&quot;, &quot;District_Name&quot;:&quot;#[payload.district_name_pss]&quot;, &quot;Building_Name&quot;:&quot;#[payload.building_name_pss]&quot;, &quot;House_Name_Ward_No_Div_Pss&quot;:&quot;#[payload.house_name_ward_no_div_pss]&quot;, &quot;Area_Ward_Colony_Street_Pss&quot;:&quot;#[payload.area_ward_colony_street_pss]&quot;, &quot;Village_Town_Pss&quot;:&quot;#[payload.village_town_pss]&quot;, &quot;Pin_Code_Pss&quot;:&quot;#[payload.pin_code_pss]&quot;" mimeType="application/json" doc:name="Set Payload"/>
            </when>
            <otherwise>
                <logger level="INFO" doc:name="Logger" message="{&quot;Message&quot;:&quot;Not a valid Data Variation&quot;}"/>
                <set-variable variableName="defaulttest" value="default" doc:name="Variable"/>
                <set-payload value="&quot;Message&quot;:&quot;Not a valid Data Variation&quot;" mimeType="application/json" doc:name="Set Payload"/>
            </otherwise>
        </choice>
        <choice doc:name="Choice">
            <when expression="#[flowVars.aadhaarrequired=='A1' &amp;&amp; flowVars.defaulttest!='default']">
                <logger message="#[flowVars.aadhaarrequired=='A1']" level="INFO" doc:name="Logger"/>
                <set-payload value="#[payload], &quot;AadhaarNumber&quot;:&quot;#[flowVars.aadhaarnumber]&quot;" doc:name="Set Payload"/>
            </when>
            <otherwise>
                <logger message="{&quot;Message&quot;:&quot;Aadhaar not required&quot;}" level="INFO" doc:name="Logger"/>
            </otherwise>
        </choice>
        <set-payload value="{#[payload]}" mimeType="application/json" doc:name="Set Payload"/>
    </sub-flow>
    
</mule>
