<?xml version="1.0" encoding="UTF-8"?>

<mule xmlns:tracking="http://www.mulesoft.org/schema/mule/ee/tracking" xmlns:db="http://www.mulesoft.org/schema/mule/db"
	xmlns:json="http://www.mulesoft.org/schema/mule/json"
	xmlns:http="http://www.mulesoft.org/schema/mule/http"
	xmlns:ecle="http://www.mulesoft.org/schema/mule/ecle"
	xmlns="http://www.mulesoft.org/schema/mule/core" xmlns:doc="http://www.mulesoft.org/schema/mule/documentation"
	xmlns:spring="http://www.springframework.org/schema/beans" 
	xmlns:xsi="http://www.w3.org/2001/XMLSchema-instance"
	xsi:schemaLocation="http://www.mulesoft.org/schema/mule/db http://www.mulesoft.org/schema/mule/db/current/mule-db.xsd
http://www.mulesoft.org/schema/mule/json http://www.mulesoft.org/schema/mule/json/current/mule-json.xsd
http://www.mulesoft.org/schema/mule/http http://www.mulesoft.org/schema/mule/http/current/mule-http.xsd
http://www.mulesoft.org/schema/mule/ecle http://www.mulesoft.org/schema/mule/ecle/current/mule-ecle.xsd
http://www.springframework.org/schema/beans http://www.springframework.org/schema/beans/spring-beans-current.xsd
http://www.mulesoft.org/schema/mule/core http://www.mulesoft.org/schema/mule/core/current/mule.xsd
http://www.mulesoft.org/schema/mule/ee/tracking http://www.mulesoft.org/schema/mule/ee/tracking/current/mule-tracking-ee.xsd">
    <flow name="getusermetadataFlow-sevice">
    	<http:listener config-ref="HTTP_Listener_Configuration" path="/getusermetadata" allowedMethods="GET" doc:name="HTTP"/>
        <expression-component doc:name="Expression"><![CDATA[#[flowVars.RootID = server.dateTime.format("yyMMddhhmmssSSSS");
flowVars.Client_ID="Mule";
flowVars.User_ID="MuleDev";
flowVars.FlowName=flow.name;
]]]></expression-component>
        <set-variable variableName="aadhaarnumber" value="#[message.inboundProperties.'http.query.params'.aadhaarnumber]" doc:name="Variable"/>
        <async doc:name="Async">
            <ecle:logger config-ref="eCLE__Configuration" Key="aadhaarnumber" Value="#[flowVars.aadhaarnumber]" LogType="Audit" LogMessageType="STARTED" LogMessage="MDM UserMetaData service is STARTED with correlatio_id : #[flowVars.aadhaarnumber]" doc:name="eCLE"/>
        </async>
        <db:select config-ref="MDM_Database_Configuration" doc:name="Database">
            <db:dynamic-query><![CDATA[SELECT 
name, date_of_birth, gender, house_number_adh, street_adh, village_adh, district_name_adh, sub_district_name_adh, post_office_adh, state_name_adh, pin_code_adh
FROM 
pegamdm.mdm_citizen_data where aadhaar_number = '#[flowVars.aadhaarnumber]']]></db:dynamic-query>
        </db:select>
        <async doc:name="Async">
            <ecle:logger config-ref="eCLE__Configuration"  ArcheivePayload="True"     LogType="Audit" LogMessageType="INPROCESS" LogMessage="Invoked database to get Service Meta Data"  doc:name="eCLE"   />
        </async>
        <choice doc:name="Choice">
            <when expression="#[payload!=empty]">
                <json:object-to-json-transformer mimeType="application/json" doc:name="Object to JSON"/>
                <set-payload value="{&quot;UserMetaData&quot;:#[payload],
&quot;Success&quot;:&quot;TRUE&quot;}" mimeType="application/json" doc:name="Set Payload"/>
            </when>
            <otherwise>
                <set-payload value="{&quot;Success&quot;:&quot;FALSE&quot;,
&quot;Error Message&quot;:&quot;No Data available for this  Aadhaar Number&quot; : #[flowVars.aadhaarnumber]
}" mimeType="application/json" doc:name="Set Payload"/>
            </otherwise>
        </choice>
        <async doc:name="Async">
            <ecle:logger config-ref="eCLE__Configuration"  ArcheivePayload="True"     LogType="Audit" LogMessageType="COMPLETED" LogMessage="Retrieved data for correlation_id : #[flowVars.correlation_id]" doc:name="eCLE"    Currentpayload="#[new String(payload)]"/>
        </async>
        <choice-exception-strategy doc:name="Choice Exception Strategy">
            <catch-exception-strategy when="#[exception.causedBy(java.net.ConnectException)]" doc:name="Connect Exception Strategy">
                <logger message="Connect Exception: #[exception.message]." level="ERROR" doc:name="Logger"/>
                <set-variable variableName="ExceptionMessage" value="#[exception.message]" doc:name="ExceptionMessage"/>
                <async doc:name="Async">
                    <ecle:error config-ref="eCLE__Configuration" flowName="#[flowVars.FlowName]" LogType="Audit" LogMessageType="ERRORED" LogMessage="#[exception.message]" ArcheivePayload="True" Currentpayload="#[new String(payload)]" doc:name="eCLE"/>
                </async>
                <set-payload value="{  &quot;httpstatus&quot;:&quot;404&quot;,  &quot;errorcode&quot;:&quot;ER-101&quot;,  &quot;errorMessage&quot;:&quot;The requested resource could not be found, please try again&quot;,  &quot;exceptionMessage&quot;: #[flowVars.ExceptionMessage],&quot;Success&quot;:&quot;FALSE&quot;,
&quot;Error Message&quot;:&quot;The requested resource could not be found, please try again&quot; }" doc:name="Set Payload"/>
            </catch-exception-strategy>
            <catch-exception-strategy when="#[exception.causedBy(java.lang.Exception)]" doc:name="IO Exception Strategy">
                <logger message="IO Exception: #[exception.message]." level="ERROR" doc:name="Logger"/>
                <set-variable variableName="ExceptionMessage" value="#[exception.message]" doc:name="ExceptionMessage"/>
                <async doc:name="Async">
                    <ecle:error config-ref="eCLE__Configuration" flowName="#[flowVars.FlowName]" LogType="Audit" LogMessageType="ERRORED" LogMessage="#[exception.message]" ArcheivePayload="True" Currentpayload="#[new String(payload)]" doc:name="eCLE"/>
                </async>
                <set-payload value="{  &quot;httpstatus&quot;:&quot;500&quot;,  &quot;errorcode&quot;:&quot;ER-101&quot;,  &quot;errorMessage&quot;:&quot;Internal Error, Service is not available&quot;,  &quot;exceptionMessage&quot;: #[flowVars.ExceptionMessage],&quot;Success&quot;:&quot;FALSE&quot;,
&quot;Error Message&quot;:&quot;The requested resource could not be found, please try again&quot; }" doc:name="Set Payload"/>
            </catch-exception-strategy>
            <catch-exception-strategy doc:name="Catch Exception Strategy">
                <logger message="Connect Exception: #[exception.message]." level="ERROR" doc:name="Logger"/>
                <set-variable variableName="ExceptionMessage" value="#[exception.message]" doc:name="ExceptionMessage"/>
                <async doc:name="Async">
                    <ecle:error config-ref="eCLE__Configuration" flowName="#[flowVars.FlowName]" LogType="Audit" LogMessageType="ERRORED" LogMessage="#[exception.message]" ArcheivePayload="True" Currentpayload="#[new String(payload)]" doc:name="eCLE"/>
                </async>
                <set-payload value="{  &quot;httpstatus&quot;:&quot;400&quot;,  &quot;errorcode&quot;:&quot;ER-101&quot;,  &quot;errorMessage&quot;:&quot;The requested resource could not be found, please try again&quot;,  &quot;exceptionMessage&quot;: #[flowVars.ExceptionMessage],&quot;Success&quot;:&quot;FALSE&quot;,
&quot;Error Message&quot;:&quot;The requested resource could not be found, please try again&quot; }" doc:name="Set Payload"/>
            </catch-exception-strategy>
        </choice-exception-strategy>
    </flow>
    
</mule>
