<?xml version="1.0" encoding="UTF-8"?>

<mule xmlns:tracking="http://www.mulesoft.org/schema/mule/ee/tracking" xmlns:json="http://www.mulesoft.org/schema/mule/json" xmlns:ecle="http://www.mulesoft.org/schema/mule/ecle" xmlns:context="http://www.springframework.org/schema/context" xmlns:db="http://www.mulesoft.org/schema/mule/db" xmlns:http="http://www.mulesoft.org/schema/mule/http" xmlns="http://www.mulesoft.org/schema/mule/core" xmlns:doc="http://www.mulesoft.org/schema/mule/documentation"
	xmlns:spring="http://www.springframework.org/schema/beans" 
	xmlns:xsi="http://www.w3.org/2001/XMLSchema-instance"
	xsi:schemaLocation="http://www.springframework.org/schema/beans http://www.springframework.org/schema/beans/spring-beans-current.xsd
http://www.mulesoft.org/schema/mule/db http://www.mulesoft.org/schema/mule/db/current/mule-db.xsd
http://www.mulesoft.org/schema/mule/http http://www.mulesoft.org/schema/mule/http/current/mule-http.xsd
http://www.springframework.org/schema/context http://www.springframework.org/schema/context/spring-context-current.xsd
http://www.mulesoft.org/schema/mule/core http://www.mulesoft.org/schema/mule/core/current/mule.xsd
http://www.mulesoft.org/schema/mule/ecle http://www.mulesoft.org/schema/mule/ecle/current/mule-ecle.xsd
http://www.mulesoft.org/schema/mule/json http://www.mulesoft.org/schema/mule/json/current/mule-json.xsd
http://www.mulesoft.org/schema/mule/ee/tracking http://www.mulesoft.org/schema/mule/ee/tracking/current/mule-tracking-ee.xsd">
    <db:generic-config name="MDM_Database_Configuration" url="${dburl}://${dbhost}:${dbport}/${dbschema}?user=${dbuser}&amp;password=${dbpassword}" driverClassName="org.postgresql.Driver" doc:name="Generic Database Configuration"/>
    <http:listener-config name="HTTP_Listener_Configuration" host="0.0.0.0" port="${http.port}" basePath="/api/v1" doc:name="HTTP Listener Configuration"/>
    <context:property-placeholder location="mdm-${env}.properties"/>
    <ecle:config name="eCLE__Configuration" Hostname="${jms.host}" Port="${jms.port}" Username="${jms.username}" Password="${jms.password}" doc:name="eCLE: Configuration"/>
    <flow name="IdentityServiceFlow">
        <http:listener config-ref="HTTP_Listener_Configuration" path="/IdentityService" allowedMethods="GET" doc:name="HTTP"/>
        <choice doc:name="Choice">
            <when expression="#[message.inboundProperties.'http.query.params'.simulatorFlag=='true']">
                <logger message="simulator response" level="INFO" doc:name="Logger"/>
                <set-payload value="{
    &quot;gender&quot;: &quot;Female&quot;,
    &quot;state_name_adh&quot;: &quot;West Bengal&quot;,
    &quot;district_name_adh&quot;: &quot;North 24 Parganas&quot;,
    &quot;aadhaar_number&quot;: 523175123812,
    &quot;street_adh&quot;: null,
    &quot;date_of_birth&quot;: &quot;1992-04-09&quot;,
    &quot;house_number_adh&quot;: null,
    &quot;post_office_adh&quot;: &quot;Bangur Avenue&quot;,
    &quot;sub_district_name_adh&quot;: null,
    &quot;person_id&quot;: &quot;PER-25492&quot;,
    &quot;pin_code_adh&quot;: &quot;700055&quot;,
    &quot;name&quot;: &quot;Ipsita Majumder&quot;,
    &quot;village_adh&quot;: &quot;Bangur Avenue&quot;
}" mimeType="application/json" doc:name="Set Payload"/>
            </when>
            <otherwise>
                <expression-component doc:name="Expression"><![CDATA[#[flowVars.RootID = server.dateTime.format("yyMMddhhmmssSSSS");
flowVars.Client_ID="Mule";
flowVars.User_ID="MuleDev";
flowVars.FlowName=flow.name;
]]]></expression-component>
                <set-variable variableName="aadharNumber" value="#[message.inboundProperties.'http.query.params'.uid]" doc:name="aadharNumber"/>
                <async doc:name="Async">
                    <ecle:logger config-ref="eCLE__Configuration" Key="Aadhaar Number" Value="#[flowVars.aadharNumber]" LogType="Audit" LogMessageType="STARTED" LogMessage="Request Recieved to get Identity Details for Aadhaar Number : #[flowVars.aadharNumber]" doc:name="eCLE"/>
                </async>
                <db:select config-ref="MDM_Database_Configuration" doc:name="PostgresSQL_MDM">
                    <db:parameterized-query><![CDATA[Select person_id, aadhaar_number, name, house_number_adh, street_adh, village_adh, district_name_adh, sub_district_name_adh, post_office_adh, state_name_adh, pin_code_adh, date_of_birth, gender
from pegamdm.mdm_citizen_data where aadhaar_number=#[flowVars.aadharNumber];]]></db:parameterized-query>
                </db:select>
                <async doc:name="Async">
                    <ecle:logger config-ref="eCLE__Configuration" Key="Aadhaar Number" Value="#[flowVars.aadharNumber]" LogType="Audit" LogMessageType="INPROCESS" LogMessage="Invoked database to get Identity Details for Aadhaar Number : #[flowVars.aadharNumber]" doc:name="eCLE"/>
                </async>
                <choice doc:name="Choice">
                    <when expression="#[payload!=empty]">
                        <set-payload value="#[payload[0]]" mimeType="application/java" doc:name="Set Payload"/>
                        <json:object-to-json-transformer mimeType="application/json" doc:name="Object to JSON"/>
                    </when>
                    <otherwise>
                        <set-payload value="{&quot;No Data is available for this  Aadhar Number &quot; : #[flowVars.aadharNumber]}" doc:name="Set Payload"/>
                    </otherwise>
                </choice>
                <async doc:name="Async">
                    <ecle:logger config-ref="eCLE__Configuration" Key="Aadhaar Number" Value="#[flowVars.aadharNumber]" LogType="Audit" LogMessageType="COMPLETED" LogMessage="Retrieved Identity Details from database for Aadhaar Number : #[flowVars.aadharNumber]" doc:name="eCLE"/>
                </async>
            </otherwise>
        </choice>

        <choice-exception-strategy doc:name="Choice Exception Strategy">
            <catch-exception-strategy when="#[exception.causedBy(java.net.ConnectException)]" doc:name="Connect Exception Strategy">
                <logger message="Connect Exception: #[exception.message]." level="ERROR" doc:name="Logger"/>
                <set-variable variableName="ExceptionMessage" value="#[exception.message]" doc:name="ExceptionMessage"/>
                <async doc:name="Async">
                    <ecle:error config-ref="eCLE__Configuration" flowName="#[flowVars.FlowName]" LogType="Audit" LogMessageType="ERRORED" LogMessage="#[flowVars.ExceptionMessage]" Currentpayload="#[new String(payload)]" doc:name="eCLE" ArcheivePayload="True"/>
                </async>

                <set-payload value="{
	&quot;httpstatus&quot;:&quot;404&quot;,
	&quot;errorcode&quot;:&quot;ER-101&quot;,
	&quot;errorMessage&quot;:&quot;The requested resource could not be found, please try again&quot;,
	&quot;exceptionMessage&quot;: #[flowVars.ExceptionMessage]
}" doc:name="Set Payload"/>
            </catch-exception-strategy>
            <catch-exception-strategy when="#[exception.causedBy(java.lang.Exception)]" doc:name="IO Exception Strategy">
                <logger message="IO Exception: #[exception.message]." level="ERROR" doc:name="Logger"/>
                <set-variable variableName="ExceptionMessage" value="#[exception.message]" doc:name="ExceptionMessage"/>
                <async doc:name="Async">
                    <ecle:error config-ref="eCLE__Configuration" flowName="#[flowVars.FlowName]" LogType="Audit" LogMessageType="ERRORED" LogMessage="#[flowVars.ExceptionMessage]" Currentpayload="#[new String(payload)]" doc:name="eCLE" ArcheivePayload="True"/>
                </async>

                <set-payload value="{
	&quot;httpstatus&quot;:&quot;500&quot;,
	&quot;errorcode&quot;:&quot;ER-101&quot;,
	&quot;errorMessage&quot;:&quot;Internal Error, Service is not available&quot;,
	&quot;exceptionMessage&quot;: #[flowVars.ExceptionMessage]
}" doc:name="Set Payload"/>
            </catch-exception-strategy>
            <catch-exception-strategy doc:name="Catch Exception Strategy">
                <logger message="Connect Exception: #[exception.message]." level="ERROR" doc:name="Logger"/>
                <set-variable variableName="ExceptionMessage" value="#[exception.message]" doc:name="ExceptionMessage"/>
                <async doc:name="Async">
                    <ecle:error config-ref="eCLE__Configuration" flowName="#[flowVars.FlowName]" LogType="Audit" LogMessageType="ERRORED" LogMessage="#[flowVars.ExceptionMessage]" Currentpayload="#[new String(payload)]" doc:name="eCLE" ArcheivePayload="True"/>
                </async>

                <set-payload value="{
	&quot;httpstatus&quot;:&quot;400&quot;,
	&quot;errorcode&quot;:&quot;ER-101&quot;,
	&quot;errorMessage&quot;:&quot;The requested resource could not be found, please try again&quot;,
	&quot;exceptionMessage&quot;: #[flowVars.ExceptionMessage]
}" doc:name="Set Payload"/>
            </catch-exception-strategy>
        </choice-exception-strategy>
    </flow>
</mule>
