<?xml version="1.0" encoding="UTF-8"?>

<mule xmlns:ecle="http://www.mulesoft.org/schema/mule/ecle"
	xmlns:metadata="http://www.mulesoft.org/schema/mule/metadata" xmlns:db="http://www.mulesoft.org/schema/mule/db" xmlns:json="http://www.mulesoft.org/schema/mule/json" xmlns:http="http://www.mulesoft.org/schema/mule/http" xmlns:tracking="http://www.mulesoft.org/schema/mule/ee/tracking" xmlns="http://www.mulesoft.org/schema/mule/core" xmlns:doc="http://www.mulesoft.org/schema/mule/documentation"
	xmlns:spring="http://www.springframework.org/schema/beans" 
	xmlns:xsi="http://www.w3.org/2001/XMLSchema-instance"
	xsi:schemaLocation="http://www.mulesoft.org/schema/mule/ecle http://www.mulesoft.org/schema/mule/ecle/current/mule-ecle.xsd
http://www.springframework.org/schema/beans http://www.springframework.org/schema/beans/spring-beans-current.xsd
http://www.mulesoft.org/schema/mule/core http://www.mulesoft.org/schema/mule/core/current/mule.xsd
http://www.mulesoft.org/schema/mule/http http://www.mulesoft.org/schema/mule/http/current/mule-http.xsd
http://www.mulesoft.org/schema/mule/db http://www.mulesoft.org/schema/mule/db/current/mule-db.xsd
http://www.mulesoft.org/schema/mule/ee/tracking http://www.mulesoft.org/schema/mule/ee/tracking/current/mule-tracking-ee.xsd
http://www.mulesoft.org/schema/mule/json http://www.mulesoft.org/schema/mule/json/current/mule-json.xsd">
    <flow name="servicetrackingFlow">
        <http:listener config-ref="HTTP_Listener_Configuration" path="/servicetracking" doc:name="HTTP"/>
        <choice doc:name="Choice">
            <when expression="#[message.inboundProperties.'http.query.params'.simulatorFlag=='true']">
                <logger message="simulator response" level="INFO" doc:name="Logger"/>
                <set-payload value="{
    &quot;CorrelationID&quot;: &quot;TRBO3_DrLicence2560120181114T120412.980 GMT&quot;,
    &quot;Success&quot;: &quot;TRUE&quot;,
    &quot;Timestamp&quot;: &quot;2018-11-29 17:23:19&quot;
}" mimeType="application/json" doc:name="Set Payload"/>
            </when>
            <otherwise>
                <expression-component doc:name="Expression"><![CDATA[#[flowVars.RootID = server.dateTime.format("yyMMddhhmmssSSSS");
flowVars.Client_ID="Mule";
flowVars.User_ID="MuleDev";
flowVars.FlowName=flow.name;
]]]></expression-component>
                <flow-ref name="servicetrackingSub_Flow" doc:name="servicetrackingSub_Flow"/>
                <async doc:name="Async">
                    <ecle:logger config-ref="eCLE__Configuration" Key="correlationid" Value="#[flowVars.correlationid]" LogType="Audit" LogMessageType="STARTED" LogMessage="Request Recieved to process service tracking for correlationid : #[flowVars.correlationid]" doc:name="eCLE"/>
                </async>
                <db:select config-ref="MDM_Database_Configuration" doc:name="Get_applicationID based on correlation and application">
                    <db:dynamic-query><![CDATA[select application_id,correlation_id from portal.rpt_application where  
correlation_id = '#[flowVars.correlationid]' and
application_id = '#[flowVars.applicationid]']]></db:dynamic-query>
                </db:select>
                <logger message="#[payload==empty]" level="INFO" doc:name="Logger"/>
                <choice doc:name="Check Application ID ">
                    <when expression="#[payload==empty]">
                        <async doc:name="Async">
                            <ecle:logger config-ref="eCLE__Configuration" LogType="Audit" LogMessageType="INPROCESS" LogMessage="Invoked database to check applicationID.......... Application does not exists " doc:name="eCLE"/>
                        </async>
                        <enricher target="#[flowVars.ServiceMetaData]" doc:name="Message Enricher">
                            <db:select config-ref="MDM_Database_Configuration" doc:name="Get Service Meta Data">
                                <db:dynamic-query><![CDATA[SELECT 
msm.service_code, service_name, service_desc, organization_code, organization_name, service_period_start_date,service_category, service_period_end_date,
osa.sys_id, osa.person_id, osa.Service_timestamp
FROM 
pegamdm.mdm_service_master msm,
portal.OP_service_audit osa
where 
msm.service_code=osa.service_code
and osa.correlation_id='#[flowVars.correlationid]';]]></db:dynamic-query>
                            </db:select>
                        </enricher>
                        <enricher target="#[flowVars.UserMetaData]" doc:name="Message Enricher">
                            <db:select config-ref="MDM_Database_Configuration" doc:name="Get User Meta Data">
                                <db:dynamic-query><![CDATA[SELECT person_id, created_by, updated_by
FROM pegamdm.mdm_citizen_data 
where person_id=(select person_id from portal.op_service_audit 
where correlation_id = '#[flowVars.correlationid]');]]></db:dynamic-query>
                            </db:select>
                        </enricher>
                        <logger message="insert into portal.rpt_application (application_id, created_person_id, service_code, service_name, service_status, sub_status, organization_code, organization_name, created_by, create_time, correlation_id)values (#[flowVars.applicationid],#[flowVars.UserMetaData[0].person_id], #[flowVars.ServiceMetaData[0].service_code], #[flowVars.ServiceMetaData[0].service_name],'#[flowVars.applicationstatus]','#[flowVars.applicationstatus]', '#[flowVars.ServiceMetaData[0].organization_code]', '#[flowVars.ServiceMetaData[0].organization_name]', '#[flowVars.UserMetaData[0].created_by]','#[server.dateTime.format('yyyy-MM-dd HH:mm:ss.SSSS')]' ,'#[flowVars.correlationid]')" level="INFO" doc:name="Logger"/>
                        <choice doc:name="Choice">
                            <when expression="#[flowVars.apppendingstate == &quot;0&quot;]">
                                <db:insert config-ref="MDM_Database_Configuration" doc:name="Create a New Application">
                                    <db:dynamic-query><![CDATA[insert into portal.rpt_application (application_id, created_person_id, service_code, service_name, service_status, sub_status, organization_code, organization_name, created_by, create_time, correlation_id, assigned_person_id )
values ('#[flowVars.applicationid]','#[flowVars.UserMetaData[0].person_id]', 
'#[flowVars.ServiceMetaData[0].service_code]', '#[flowVars.ServiceMetaData[0].service_name]','#[flowVars.applicationstatus]',
'#[flowVars.applicationstatus]', '#[flowVars.ServiceMetaData[0].organization_code]', '#[flowVars.ServiceMetaData[0].organization_name]', 
'#[flowVars.UserMetaData[0].created_by]','#[server.dateTime.format('yyyy-MM-dd HH:mm:ss.SSSS')]' ,'#[flowVars.correlationid]', '#[flowVars.UserMetaData[0].person_id]')]]></db:dynamic-query>
                                </db:insert>
                                <set-payload value="{ &quot;CorrelationID&quot;:&quot;#[flowVars.correlationid]&quot;, &quot;Success&quot;:&quot;TRUE&quot;, &quot;Timestamp&quot;:&quot;#[server.dateTime.format('yyyy-MM-dd HH:mm:ss')]&quot; }" mimeType="application/json" doc:name="Set Payload"/>
                            </when>
                            <when expression="#[flowVars.apppendingstate == &quot;1&quot;]">
                                <db:insert config-ref="MDM_Database_Configuration" doc:name="Database">
                                    <db:dynamic-query><![CDATA[insert into portal.rpt_application (application_id, created_person_id, service_code, service_name, service_status, sub_status, organization_code, organization_name, created_by, create_time, correlation_id, assigned_person_id)
values ('#[flowVars.applicationid]','#[flowVars.UserMetaData[0].person_id]', 
'#[flowVars.ServiceMetaData[0].service_code]', '#[flowVars.ServiceMetaData[0].service_name]','#[flowVars.applicationstatus]',
'#[flowVars.applicationstatus]', '#[flowVars.ServiceMetaData[0].organization_code]', '#[flowVars.ServiceMetaData[0].organization_name]', 
'#[flowVars.UserMetaData[0].created_by]','#[server.dateTime.format('yyyy-MM-dd HH:mm:ss.SSSS')]' ,'#[flowVars.correlationid]',null)]]></db:dynamic-query>
                                </db:insert>
                                <set-payload value="{ &quot;CorrelationID&quot;:&quot;#[flowVars.correlationid]&quot;, &quot;Success&quot;:&quot;TRUE&quot;, &quot;Timestamp&quot;:&quot;#[server.dateTime.format('yyyy-MM-dd HH:mm:ss')]&quot; }" mimeType="application/json" doc:name="Set Payload"/>
                            </when>
                            <otherwise>
                                <set-payload value="{ &quot;CorrelationID&quot;:&quot;#[flowVars.correlationid]&quot;, &quot;Success&quot;:&quot;FALSE&quot;, &quot;Timestamp&quot;:&quot;#[server.dateTime.format('yyyy-MM-dd HH:mm:ss')]&quot;, &quot;ErrorMessage&quot;:&quot;Not a valid value for apppendingstate&quot; }" mimeType="application/json" doc:name="Set Payload"/>
                            </otherwise>
                        </choice>
                    </when>
                    <otherwise>
                        <async doc:name="Async">
                            <ecle:logger config-ref="eCLE__Configuration" LogType="Audit" LogMessageType="INPROCESS" LogMessage="Invoked database to check applicationID.......... Application already exists " doc:name="eCLE"/>
                        </async>
                        <logger message="Application Does Not Exists" level="INFO" doc:name="Logger"/>
                        <enricher target="#[flowVars.UserMetaData]" doc:name="Message Enricher">
                            <db:select config-ref="MDM_Database_Configuration" doc:name="Get User Meta Data">
                                <db:dynamic-query><![CDATA[SELECT person_id, created_by, updated_by
FROM pegamdm.mdm_citizen_data 
where person_id=(select person_id from portal.op_service_audit 
where correlation_id = '#[flowVars.correlationid]');]]></db:dynamic-query>
                            </db:select>
                        </enricher>
                        <choice doc:name="Choice">
                            <when expression="#[flowVars.apppendingstate == &quot;0&quot;]">
                                <db:update config-ref="MDM_Database_Configuration" doc:name="Update Application_Status">
                                    <db:dynamic-query><![CDATA[update portal.rpt_application
set service_status = '#[flowVars.applicationstatus]', 
sub_status = '#[flowVars.applicationstatus]', 
updated_by = '#[flowVars.UserMetaData[0].updated_by]', 
update_time = '#[server.dateTime.format('yyyy-MM-dd HH:mm:ss.SSSS')]',
assigned_person_id = '#[flowVars.UserMetaData[0].person_id]' 
where 
correlation_id = '#[flowVars.correlationid]' and 
application_id = '#[flowVars.applicationid]']]></db:dynamic-query>
                                </db:update>
                                <set-payload value="{ &quot;CorrelationID&quot;:&quot;#[flowVars.correlationid]&quot;, &quot;Success&quot;:&quot;TRUE&quot;, &quot;Timestamp&quot;:&quot;#[server.dateTime.format('yyyy-MM-dd HH:mm:ss')]&quot; }" mimeType="application/json" doc:name="Set Payload"/>
                            </when>
                            <when expression="#[flowVars.apppendingstate == &quot;1&quot;]">
                                <db:update config-ref="MDM_Database_Configuration" doc:name="Update Application_Status">
                                    <db:dynamic-query><![CDATA[update portal.rpt_application
set service_status = '#[flowVars.applicationstatus]', 
sub_status = '#[flowVars.applicationstatus]', 
updated_by = '#[flowVars.UserMetaData[0].updated_by]', 
update_time = '#[server.dateTime.format('yyyy-MM-dd HH:mm:ss.SSSS')]',
assigned_person_id = null
where 
correlation_id = '#[flowVars.correlationid]' and 
application_id = '#[flowVars.applicationid]']]></db:dynamic-query>
                                </db:update>
                                <set-payload value="{ &quot;CorrelationID&quot;:&quot;#[flowVars.correlationid]&quot;, &quot;Success&quot;:&quot;TRUE&quot;, &quot;Timestamp&quot;:&quot;#[server.dateTime.format('yyyy-MM-dd HH:mm:ss')]&quot; }" mimeType="application/json" doc:name="Set Payload"/>
                            </when>
                            <otherwise>
                                <set-payload value="{ &quot;CorrelationID&quot;:&quot;#[flowVars.correlationid]&quot;, &quot;Success&quot;:&quot;FALSE&quot;, &quot;Timestamp&quot;:&quot;#[server.dateTime.format('yyyy-MM-dd HH:mm:ss')]&quot;, &quot;ErrorMessage&quot;:&quot;Not a valid value for apppendingstate&quot; }" mimeType="application/json" doc:name="Set Payload"/>
                            </otherwise>
                        </choice>
                    </otherwise>
                </choice>
                <async doc:name="Async">
                    <ecle:logger config-ref="eCLE__Configuration" LogType="Audit" LogMessageType="COMPLETED" LogMessage="Process data in rtp_application table" doc:name="eCLE"/>
                </async>
            </otherwise>
        </choice>
        <choice-exception-strategy doc:name="Choice Exception Strategy">
            <catch-exception-strategy when="#[exception.causedBy(java.net.ConnectException)]" doc:name="Connect Exception Strategy">
                <logger message="Connect Exception: #[exception.message]." level="ERROR" doc:name="Logger"/>
                <set-variable variableName="ExceptionMessage" value="#[exception.message]" doc:name="ExceptionMessage"/>
                <async doc:name="Async">
                    <ecle:error config-ref="eCLE__Configuration" flowName="#[flowVars.FlowName]" LogType="Audit" LogMessageType="ERRORED" LogMessage="#[flowVars.ExceptionMessage]" Currentpayload="#[new String(payload)]" doc:name="eCLE" ArcheivePayload="True"/>
                </async>

                <set-payload value="{  &quot;httpstatus&quot;:&quot;404&quot;,  &quot;errorcode&quot;:&quot;ER-101&quot;,  &quot;errorMessage&quot;:&quot;The requested resource could not be found, please try again&quot;,  &quot;exceptionMessage&quot;: #[flowVars.ExceptionMessage],&quot;CorrelationID&quot;:&quot;#[flowVars.correlationid]&quot;, &quot;Success&quot;:&quot;FALSE&quot;, &quot;Timestamp&quot;:&quot;#[server.dateTime.format('yyyy-MM-dd HH:mm:ss')]&quot; }" doc:name="Set Payload"/>
            </catch-exception-strategy>
            <catch-exception-strategy when="#[exception.causedBy(java.lang.Exception)]" doc:name="IO Exception Strategy">
                <logger message="IO Exception: #[exception.message]." level="ERROR" doc:name="Logger"/>
                <set-variable variableName="ExceptionMessage" value="#[exception.message]" doc:name="ExceptionMessage"/>
                <async doc:name="Async">
                    <ecle:error config-ref="eCLE__Configuration" flowName="#[flowVars.FlowName]" LogType="Audit" LogMessageType="ERRORED" LogMessage="#[flowVars.ExceptionMessage]" Currentpayload="#[new String(payload)]" doc:name="eCLE" ArcheivePayload="True"/>
                </async>

                <set-payload value="{  &quot;httpstatus&quot;:&quot;500&quot;,  &quot;errorcode&quot;:&quot;ER-101&quot;,  &quot;errorMessage&quot;:&quot;Internal Error, Service is not available&quot;,  &quot;exceptionMessage&quot;: #[flowVars.ExceptionMessage],&quot;CorrelationID&quot;:&quot;#[flowVars.correlationid]&quot;, &quot;Success&quot;:&quot;FALSE&quot;, &quot;Timestamp&quot;:&quot;#[server.dateTime.format('yyyy-MM-dd HH:mm:ss')]&quot; }" doc:name="Set Payload"/>
            </catch-exception-strategy>
            <catch-exception-strategy doc:name="Catch Exception Strategy">
                <logger message="Connect Exception: #[exception.message]." level="ERROR" doc:name="Logger"/>
                <set-variable variableName="ExceptionMessage" value="#[exception.message]" doc:name="ExceptionMessage"/>
                <async doc:name="Async">
                    <ecle:error config-ref="eCLE__Configuration" flowName="#[flowVars.FlowName]" LogType="Audit" LogMessageType="ERRORED" LogMessage="#[flowVars.ExceptionMessage]" Currentpayload="#[new String(payload)]" doc:name="eCLE" ArcheivePayload="True"/>
                </async>

                <set-payload value="{  &quot;httpstatus&quot;:&quot;400&quot;,  &quot;errorcode&quot;:&quot;ER-101&quot;,  &quot;errorMessage&quot;:&quot;The requested resource could not be found, please try again&quot;,  &quot;exceptionMessage&quot;: #[flowVars.ExceptionMessage],&quot;CorrelationID&quot;:&quot;#[flowVars.correlationid]&quot;, &quot;Success&quot;:&quot;FALSE&quot;, &quot;Timestamp&quot;:&quot;#[server.dateTime.format('yyyy-MM-dd HH:mm:ss')]&quot; }" doc:name="Set Payload"/>
            </catch-exception-strategy>
        </choice-exception-strategy>
    </flow>
    <sub-flow name="servicetrackingSub_Flow">
        <set-variable variableName="correlationid" value="#[message.inboundProperties.'http.query.params'.correlationid]" doc:name="correlationid"/>
        <set-variable variableName="applicationid" value="#[message.inboundProperties.'http.query.params'.applicationid]" doc:name="applicationid"/>
        <set-variable variableName="applicationstatus" value="#[message.inboundProperties.'http.query.params'.applicationstatus]" doc:name="applicationstatus"/>
        <set-variable variableName="apppendingstate" value="#[message.inboundProperties.'http.query.params'.apppendingstate]" doc:name="apppendingstate"/>
    </sub-flow>
</mule>
